game_id,official_id,official_name,jersey_num,order
0022500001,2534,Zach Zarba,15  ,1
0022500001,200833,Eric Dalen,37  ,2
0022500001,1626301,Jason Goldenberg,35  ,3
0022500005,1155,JB DeRosa,22  ,1
0022500005,201639,Josh Tiven,58  ,2
0022500005,1628171,Brandon Schwab,86  ,3
0022500006,202058,James Williams,60  ,1
0022500006,203593,Justin Van Duyne,64  ,2
0022500006,1627964,Jonathan Sterling,17  ,3
0022500009,2004,Courtney Kirkland,61  ,1
0022500009,203054,Che Flores,91  ,2
0022500009,1626300,Ray Acosta,54  ,3
0022500013,1162,Scott Foster,48  ,1
0022500013,202053,Scott Twardoski,52  ,2
0022500013,202901,Matt Myers,43  ,3
0022500014,202041,Kevin Scott,24  ,1
0022500014,1628159,Mousa Dagher,28  ,2
0022500014,1628953,Ashley Moyer-Gleich,13  ,3
0022500017,1179,Rodney Mott,71  ,1
0022500017,1627962,Jacyn Goble,68  ,2
0022500017,1628480,Robert Hussey,85  ,3
0022500021,2004,Courtney Kirkland,61  ,1
0022500021,201246,Kevin Cutler,34  ,2
0022500021,202037,J.T. Orr,72  ,3
0022500026,2534,Zach Zarba,15  ,1
0022500026,1628159,Mousa Dagher,28  ,2
0022500026,1628481,Simone Jelks,81  ,3
0022500027,101284,John Goble,10  ,1
0022500027,1626301,Jason Goldenberg,35  ,2
0022500027,1628954,Jenna Schroeder,20  ,3
0022500040,1148,James Capers,19  ,1
0022500040,1155,JB DeRosa,14  ,2
0022500040,1627539,Tyler Ricks,95  ,3
0022500043,1193,Michael Smith,38  ,1
0022500043,202058,James Williams,60  ,2
0022500043,1627962,Jacyn Goble,68  ,3
0022500046,2004,Courtney Kirkland,61  ,1
0022500046,202007,Nick Buchert,3   ,2
0022500046,1629183,Pat O'Connell,90  ,3
0022500047,1830,Marc Davis,8   ,1
0022500047,101283,Brian Forte,45  ,2
0022500047,1628171,Brandon Schwab,86  ,3
0022500052,1662,Bill Kennedy,55  ,1
0022500052,1626301,Jason Goldenberg,35  ,2
0022500052,1628484,Dannica Baroody,89  ,3
0022500053,200833,Eric Dalen,37  ,1
0022500053,202041,Kevin Scott,24  ,2
0022500053,1628480,Robert Hussey,85  ,3
0022500054,2004,Courtney Kirkland,61  ,1
0022500054,202037,J.T. Orr,72  ,2
0022500054,203592,Dedric Taylor,21  ,3
0022500056,1155,JB DeRosa,14  ,1
0022500056,201246,Kevin Cutler,34  ,2
0022500056,202056,CJ Washington,12  ,3
0022500060,1146,Tony Brothers,25  ,1
0022500060,203591,Mitchell Ervin,27  ,2
0022500060,1628954,Jenna Schroeder,20  ,3
0022500062,202041,Kevin Scott,24  ,1
0022500062,1626301,Jason Goldenberg,35  ,2
0022500062,1629183,Pat O'Connell,90  ,3
0022500063,2004,Courtney Kirkland,61  ,1
0022500063,201245,Marat Kogut,32  ,2
0022500063,1629178,Sha'Rae Mitchell,98  ,3
0022500064,201639,Josh Tiven,58  ,1
0022500064,203592,Dedric Taylor,21  ,2
0022500064,1627964,Jonathan Sterling,17  ,3
0022500065,202026,Karl Lane,77  ,1
0022500065,204058,Gediminas Petraitis,50  ,2
0022500065,1627529,Suyash Mehta,82  ,3
0022500066,2882,Sean Wright,4   ,1
0022500066,1627961,Brandon Adair,67  ,2
0022500066,1628159,Mousa Dagher,28  ,3
0022500069,1146,Tony Brothers,25  ,1
0022500069,202027,Tre Maddox,23  ,2
0022500069,202901,Matt Myers,43  ,3
0022500072,2002,Derrick Collins,11  ,1
0022500072,2714,David Guthrie,16  ,2
0022500072,200833,Eric Dalen,37  ,3
0022500075,1148,James Capers,19  ,1
0022500075,1627524,Nate Green,41  ,2
0022500075,1628172,Evan Scott,78  ,3
0022500076,201245,Marat Kogut,32  ,1
0022500076,201246,Kevin Cutler,34  ,2
0022500076,1627961,Brandon Adair,67  ,3
0022500079,1151,Sean Corbin,33  ,1
0022500079,202035,Brett Nansel,44  ,2
0022500079,1626300,Ray Acosta,54  ,3
0022500081,200834,Mark Lindsay,29  ,1
0022500081,202007,Nick Buchert,3   ,2
0022500081,1627519,John Conley,56  ,3
0022500083,1162,Scott Foster,48  ,1
0022500083,1179,Rodney Mott,71  ,2
0022500083,1193,Michael Smith,38  ,3
0022500084,2003,Pat Fraher,26  ,1
0022500084,203592,Dedric Taylor,21  ,2
0022500084,1627529,Suyash Mehta,82  ,3
0022500085,2004,Courtney Kirkland,61  ,1
0022500085,1626300,Ray Acosta,54  ,2
0022500085,1628487,Danielle Scott,87  ,3
0022500088,1151,Sean Corbin,33  ,1
0022500088,204059,Tyler Ford,39  ,2
0022500088,1627963,Phenizee Ransom,70  ,3
0022500089,1201,Leon Wood,40  ,1
0022500089,202027,Tre Maddox,23  ,2
0022500089,203591,Mitchell Ervin,27  ,3
0022500090,2530,Ed Malloy,7   ,1
0022500090,1628487,Danielle Scott,87  ,2
0022500090,1628951,John Butler,30  ,3
0022500093,200834,Mark Lindsay,29  ,1
0022500093,202053,Scott Twardoski,52  ,2
0022500093,1627963,Phenizee Ransom,70  ,3
0022500095,2003,Pat Fraher,26  ,1
0022500095,202007,Nick Buchert,3   ,2
0022500095,1629177,Biniam Maru,94  ,3
0022500098,101284,John Goble,10  ,1
0022500098,203593,Justin Van Duyne,64  ,2
0022500098,1627964,Jonathan Sterling,17  ,3
0022500102,201639,Josh Tiven,58  ,1
0022500102,203592,Dedric Taylor,21  ,2
0022500102,1627962,Jacyn Goble,68  ,3
0022500105,1193,Michael Smith,38  ,1
0022500105,200833,Eric Dalen,37  ,2
0022500105,204059,Tyler Ford,39  ,3
0022500107,1148,James Capers,19  ,1
0022500107,1627524,Nate Green,41  ,2
0022500107,1628484,Dannica Baroody,89  ,3
0022500110,1146,Tony Brothers,25  ,1
0022500110,202007,Nick Buchert,3   ,2
0022500110,1627519,John Conley,56  ,3
0022500113,1201,Leon Wood,40  ,1
0022500113,202041,Kevin Scott,24  ,2
0022500113,203591,Mitchell Ervin,27  ,3
0022500115,203593,Justin Van Duyne,64  ,1
0022500115,1627962,Jacyn Goble,68  ,2
0022500115,1628480,Robert Hussey,85  ,3
0022500119,1830,Marc Davis,8   ,1
0022500119,200833,Eric Dalen,37  ,2
0022500119,1628172,Evan Scott,78  ,3
0022500120,2002,Derrick Collins,11  ,1
0022500120,200832,Curtis Blair,74  ,2
0022500120,202053,Scott Twardoski,52  ,3
0022500123,1155,JB DeRosa,14  ,1
0022500123,202007,Nick Buchert,3   ,2
0022500123,203054,Che Flores,91  ,3
0022500126,1148,James Capers,19  ,1
0022500126,1627539,Tyler Ricks,95  ,2
0022500126,1628951,John Butler,30  ,3
0022500130,201246,Kevin Cutler,34  ,1
0022500130,202035,Brett Nansel,44  ,2
0022500130,1627541,Natalie Sago,9   ,3
0022500133,200834,Mark Lindsay,29  ,1
0022500133,202056,CJ Washington,12  ,2
0022500133,1626300,Ray Acosta,54  ,3
0022500135,2882,Sean Wright,4   ,1
0022500135,1626301,Jason Goldenberg,35  ,2
0022500135,1628168,Jenna Reneau,93  ,3
0022500136,2002,Derrick Collins,11  ,1
0022500136,204059,Tyler Ford,39  ,2
0022500136,1627963,Phenizee Ransom,70  ,3
0022500137,101284,John Goble,10  ,1
0022500137,200833,Eric Dalen,37  ,2
0022500137,1627529,Suyash Mehta,82  ,3
0022500142,201245,Marat Kogut,32  ,1
0022500142,203591,Mitchell Ervin,27  ,2
0022500142,1627519,John Conley,56  ,3
0022500144,202027,Tre Maddox,23  ,1
0022500144,204058,Gediminas Petraitis,50  ,2
0022500144,1630879,Nate Cearley,84  ,3
0022500157,101284,John Goble,10  ,1
0022500157,203054,Che Flores,91  ,2
0022500157,1627529,Suyash Mehta,82  ,3
0022500158,200833,Eric Dalen,37  ,1
0022500158,202041,Kevin Scott,24  ,2
0022500158,1629175,Brent Haskill,92  ,3
0022500160,203591,Mitchell Ervin,27  ,1
0022500160,1627962,Jacyn Goble,68  ,2
0022500160,1629183,Pat O'Connell,90  ,3
0022500164,1193,Michael Smith,38  ,1
0022500164,2534,Zach Zarba,15  ,2
0022500164,1626300,Ray Acosta,54  ,3
0022500167,202058,James Williams,60  ,1
0022500167,1627524,Nate Green,41  ,2
0022500167,1629178,Sha'Rae Mitchell,98  ,3
0022500168,1162,Scott Foster,48  ,1
0022500168,201246,Kevin Cutler,34  ,2
0022500168,1628481,Simone Jelks,81  ,3
0022500177,1155,JB DeRosa,14  ,1
0022500177,1627529,Suyash Mehta,82  ,2
0022500177,1628171,Brandon Schwab,86  ,3
0022500179,2003,Pat Fraher,26  ,1
0022500179,201245,Marat Kogut,32  ,2
0022500179,202007,Nick Buchert,3   ,3
0022500180,200834,Mark Lindsay,29  ,1
0022500180,1626300,Ray Acosta,54  ,2
0022500180,1630879,Nate Cearley,84  ,3
0022500181,1193,Michael Smith,38  ,1
0022500181,201639,Josh Tiven,58  ,2
0022500181,1628951,John Butler,30  ,3
0022500183,200834,Mark Lindsay,29  ,1
0022500183,1627963,Phenizee Ransom,70  ,2
0022500183,1628168,Jenna Reneau,00  ,3
0022500186,1662,Bill Kennedy,55  ,1
0022500186,202056,CJ Washington,12  ,2
0022500186,1628159,Mousa Dagher,28  ,3
0022500187,203591,Mitchell Ervin,27  ,1
0022500187,1627524,Nate Green,41  ,2
0022500187,1627529,Suyash Mehta,82  ,3
0022500188,1193,Michael Smith,38  ,1
0022500188,202027,Tre Maddox,23  ,2
0022500188,203054,Che Flores,91  ,3
0022500191,101283,Brian Forte,45  ,1
0022500191,1626301,Jason Goldenberg,35  ,2
0022500191,1628481,Simone Jelks,81  ,3
0022500193,1162,Scott Foster,48  ,1
0022500193,202901,Matt Myers,43  ,2
0022500193,1627524,Nate Green,41  ,3
0022500195,1155,JB DeRosa,22  ,1
0022500195,1830,Marc Davis,8   ,2
0022500195,1627539,Tyler Ricks,95  ,3
0022500199,202027,Tre Maddox,23  ,1
0022500199,1627962,Jacyn Goble,68  ,2
0022500199,1628171,Brandon Schwab,86  ,3
0022500200,2003,Pat Fraher,26  ,1
0022500200,202007,Nick Buchert,3   ,2
0022500200,1627961,Brandon Adair,67  ,3
0022500201,1151,Sean Corbin,33  ,1
0022500201,1162,Scott Foster,48  ,2
0022500201,1628954,Jenna Schroeder,20  ,3
0022500202,1201,Leon Wood,40  ,1
0022500202,202041,Kevin Scott,24  ,2
0022500202,1627963,Phenizee Ransom,70  ,3
0022500203,1146,Tony Brothers,25  ,1
0022500203,203054,Che Flores,91  ,2
0022500203,203593,Justin Van Duyne,64  ,3
0022500206,201246,Kevin Cutler,34  ,1
0022500206,202026,Karl Lane,77  ,2
0022500206,1628484,Dannica Baroody,89  ,3
0022500209,101283,Brian Forte,45  ,1
0022500209,202058,James Williams,60  ,2
0022500209,1628168,Jenna Reneau,00  ,3
0022500221,202041,Kevin Scott,24  ,1
0022500221,1627524,Nate Green,41  ,2
0022500221,1630886,Intae Hwang,73  ,3
0022500233,1155,JB DeRosa,14  ,1
0022500233,2882,Sean Wright,4   ,2
0022500233,1627963,Phenizee Ransom,70  ,3
0022500236,1162,Scott Foster,48  ,1
0022500236,200834,Mark Lindsay,29  ,2
0022500236,1627964,Jonathan Sterling,17  ,3
0022500238,1193,Michael Smith,38  ,1
0022500238,2714,David Guthrie,16  ,2
0022500238,1627534,Andy Nagy,83  ,3
0022500239,101283,Brian Forte,45  ,1
0022500239,203593,Justin Van Duyne,64  ,2
0022500239,1628168,Jenna Reneau,00  ,3
0022500240,1830,Marc Davis,8   ,1
0022500240,202053,Scott Twardoski,52  ,2
0022500240,1628171,Brandon Schwab,86  ,3
0022500243,2003,Pat Fraher,26  ,1
0022500243,200832,Curtis Blair,74  ,2
0022500243,1628159,Mousa Dagher,28  ,3
0022500244,1148,James Capers,19  ,1
0022500244,1626300,Ray Acosta,54  ,2
0022500244,1628485,JD Ralls,80  ,3
0022500245,1155,JB DeRosa,14  ,1
0022500245,1626301,Jason Goldenberg,35  ,2
0022500245,1628484,Dannica Baroody,89  ,3
0022500248,203593,Justin Van Duyne,64  ,1
0022500248,1627964,Jonathan Sterling,17  ,2
0022500248,1628954,Jenna Schroeder,20  ,3
0022500251,2003,Pat Fraher,26  ,1
0022500251,1628487,Danielle Scott,87  ,2
0022500251,1629177,Biniam Maru,94  ,3
0022500252,202053,Scott Twardoski,52  ,1
0022500252,203591,Mitchell Ervin,27  ,2
0022500252,1627539,Tyler Ricks,95  ,3
0022500262,1162,Scott Foster,48  ,1
0022500262,202037,J.T. Orr,72  ,2
0022500262,202053,Scott Twardoski,52  ,3
0022500263,2882,Sean Wright,4   ,1
0022500263,200833,Eric Dalen,37  ,2
0022500263,202901,Matt Myers,43  ,3
0022500266,203593,Justin Van Duyne,64  ,1
0022500266,204058,Gediminas Petraitis,50  ,2
0022500266,1628168,Jenna Reneau,93  ,3
0022500271,202053,Scott Twardoski,52  ,1
0022500271,1626300,Ray Acosta,54  ,2
0022500271,1628487,Danielle Scott,87  ,3
0022500273,201638,Brent Barnaky,36  ,1
0022500273,202058,James Williams,60  ,2
0022500273,1627519,John Conley,56  ,3
0022500274,101284,John Goble,10  ,1
0022500274,202027,Tre Maddox,23  ,2
0022500274,1628480,Robert Hussey,85  ,3
0022500276,201245,Marat Kogut,32  ,1
0022500276,201639,Josh Tiven,58  ,2
0022500276,1628481,Simone Jelks,81  ,3
0022500282,200833,Eric Dalen,37  ,1
0022500282,202041,Kevin Scott,24  ,2
0022500282,202056,CJ Washington,12  ,3
0022500283,1162,Scott Foster,48  ,1
0022500283,201638,Brent Barnaky,36  ,2
0022500283,1629175,Brent Haskill,92  ,3
0022500286,202026,Karl Lane,77  ,1
0022500286,203592,Dedric Taylor,21  ,2
0022500286,1627529,Suyash Mehta,82  ,3
0022500292,202058,James Williams,60  ,1
0022500292,1627524,Nate Green,41  ,2
0022500292,1627961,Brandon Adair,67  ,3
0022500293,101284,John Goble,10  ,1
0022500293,202007,Nick Buchert,3   ,2
0022500293,1628484,Dannica Baroody,89  ,3
0022500294,1830,Marc Davis,8   ,1
0022500294,202056,CJ Washington,12  ,2
0022500294,203592,Dedric Taylor,21  ,3
0022500295,202026,Karl Lane,77  ,1
0022500295,204058,Gediminas Petraitis,50  ,2
0022500295,1629183,Pat O'Connell,90  ,3
0022500296,202058,James Williams,60  ,1
0022500296,1627541,Natalie Sago,9   ,2
0022500296,1628481,Simone Jelks,81  ,3
0022500300,201639,Josh Tiven,58  ,1
0022500300,203054,Che Flores,91  ,2
0022500300,1627962,Jacyn Goble,68  ,3
0022500302,2004,Courtney Kirkland,61  ,1
0022500302,202026,Karl Lane,77  ,2
0022500302,1628171,Brandon Schwab,86  ,3
0022500304,1148,James Capers,19  ,1
0022500304,2002,Derrick Collins,11  ,2
0022500304,201638,Brent Barnaky,36  ,3
0022500309,204058,Gediminas Petraitis,50  ,1
0022500309,1628480,Robert Hussey,85  ,2
0022500309,1628951,John Butler,30  ,3
0022500311,201245,Marat Kogut,32  ,1
0022500311,202058,James Williams,60  ,2
0022500311,1628484,Dannica Baroody,89  ,3
0022500314,202056,CJ Washington,12  ,1
0022500314,203592,Dedric Taylor,21  ,2
0022500314,204059,Tyler Ford,39  ,3
0022500316,1193,Michael Smith,38  ,1
0022500316,200834,Mark Lindsay,29  ,2
0022500316,203593,Justin Van Duyne,64  ,3
0022500319,1148,James Capers,19  ,1
0022500319,202026,Karl Lane,77  ,2
0022500319,1628487,Danielle Scott,87  ,3
0022500321,2004,Courtney Kirkland,61  ,1
0022500321,202027,Tre Maddox,23  ,2
0022500321,1627524,Nate Green,41  ,3
0022500322,1662,Bill Kennedy,55  ,1
0022500322,1626301,Jason Goldenberg,35  ,2
0022500322,1628954,Jenna Schroeder,20  ,3
0022500326,201638,Brent Barnaky,36  ,1
0022500326,202007,Nick Buchert,3   ,2
0022500326,1629175,Brent Haskill,92  ,3
0022500331,1146,Tony Brothers,25  ,1
0022500331,1179,Rodney Mott,71  ,2
0022500331,1628171,Brandon Schwab,86  ,3
0022500333,1155,JB DeRosa,14  ,1
0022500333,201639,Josh Tiven,58  ,2
0022500333,203054,Che Flores,91  ,3
0022500336,2003,Pat Fraher,26  ,1
0022500336,2882,Sean Wright,4   ,2
0022500336,202037,J.T. Orr,72  ,3
0022500339,1179,Rodney Mott,71  ,1
0022500339,101284,John Goble,10  ,2
0022500339,1628484,Dannica Baroody,89  ,3
0022500340,1162,Scott Foster,48  ,1
0022500340,1626301,Jason Goldenberg,35  ,2
0022500340,1629183,Pat O'Connell,90  ,3
0022500342,203593,Justin Van Duyne,64  ,1
0022500342,1626300,Ray Acosta,54  ,2
0022500342,1628481,Simone Jelks,81  ,3
0022500352,203593,Justin Van Duyne,64  ,1
0022500352,204058,Gediminas Petraitis,50  ,2
0022500352,1628485,JD Ralls,94  ,3
0022500355,2003,Pat Fraher,26  ,1
0022500355,1627541,Natalie Sago,9   ,2
0022500355,1628159,Mousa Dagher,28  ,3
0022500362,2534,Zach Zarba,15  ,1
0022500362,202026,Karl Lane,77  ,2
0022500362,1627963,Phenizee Ransom,70  ,3
0022500365,101283,Brian Forte,45  ,1
0022500365,204059,Tyler Ford,39  ,2
0022500365,1628171,Brandon Schwab,86  ,3
0022500366,1151,Sean Corbin,33  ,1
0022500366,1162,Scott Foster,48  ,2
0022500366,1629183,Pat O'Connell,90  ,3
0022500368,2534,Zach Zarba,15  ,1
0022500368,201246,Kevin Cutler,34  ,2
0022500368,1629771,Marcy Williams,76  ,3
0022500371,1146,Tony Brothers,25  ,1
0022500371,202026,Karl Lane,77  ,2
0022500371,1628171,Brandon Schwab,86  ,3
0022500372,2882,Sean Wright,4   ,1
0022500372,203591,Mitchell Ervin,27  ,2
0022500372,1628172,Evan Scott,78  ,3
0022500375,1148,James Capers,19  ,1
0022500375,1628159,Mousa Dagher,28  ,2
0022500375,1629175,Brent Haskill,92  ,3
0022500376,101284,John Goble,10  ,1
0022500376,201638,Brent Barnaky,36  ,2
0022500376,1627529,Suyash Mehta,82  ,3
0022500378,1201,Leon Wood,40  ,1
0022500378,200832,Curtis Blair,74  ,2
0022500378,200833,Eric Dalen,37  ,3
0022500380,1179,Rodney Mott,71  ,1
0022500380,1830,Marc Davis,8   ,2
0022500380,1628480,Robert Hussey,85  ,3
0022500385,2004,Courtney Kirkland,61  ,1
0022500385,202007,Nick Buchert,3   ,2
0022500385,1628951,John Butler,30  ,3
0022500391,1151,Sean Corbin,33  ,1
0022500391,202026,Karl Lane,77  ,2
0022500391,1628159,Mousa Dagher,28  ,3
0022500392,2003,Pat Fraher,26  ,1
0022500392,202053,Scott Twardoski,52  ,2
0022500392,1627529,Suyash Mehta,82  ,3
0022500393,200834,Mark Lindsay,29  ,1
0022500393,203592,Dedric Taylor,21  ,2
0022500393,1628484,Dannica Baroody,89  ,3
0022500394,200832,Curtis Blair,74  ,1
0022500394,201638,Brent Barnaky,36  ,2
0022500394,1628954,Jenna Schroeder,20  ,3
0022500396,201245,Marat Kogut,32  ,1
0022500396,203591,Mitchell Ervin,27  ,2
0022500396,1627964,Jonathan Sterling,17  ,3
0022500400,1146,Tony Brothers,25  ,1
0022500400,1662,Bill Kennedy,55  ,2
0022500400,1628485,JD Ralls,80  ,3
0022500401,201639,Josh Tiven,58  ,1
0022500401,203054,Che Flores,91  ,2
0022500401,1628951,John Butler,30  ,3
0022500411,202007,Nick Buchert,3   ,1
0022500411,1626301,Jason Goldenberg,35  ,2
0022500411,1628485,JD Ralls,80  ,3
0022500415,1662,Bill Kennedy,55  ,1
0022500415,204058,Gediminas Petraitis,50  ,2
0022500415,1627961,Brandon Adair,67  ,3
0022500420,1148,James Capers,19  ,1
0022500420,202053,Scott Twardoski,52  ,2
0022500420,1630888,Chelisa Painter,79  ,3
0022500427,200832,Curtis Blair,74  ,1
0022500427,202037,J.T. Orr,72  ,2
0022500427,1627963,Phenizee Ransom,70  ,3
0022500429,1151,Sean Corbin,33  ,1
0022500429,1155,JB DeRosa,14  ,2
0022500429,1628481,Simone Jelks,81  ,3
0022500430,1162,Scott Foster,48  ,1
0022500430,1627541,Natalie Sago,9   ,2
0022500430,1629177,Biniam Maru,94  ,3
0022500433,1193,Michael Smith,38  ,1
0022500433,200834,Mark Lindsay,29  ,2
0022500433,1628951,John Butler,30  ,3
0022500435,201638,Brent Barnaky,36  ,1
0022500435,202037,J.T. Orr,72  ,2
0022500435,1627962,Jacyn Goble,68  ,3
0022500437,201246,Kevin Cutler,34  ,1
0022500437,204058,Gediminas Petraitis,50  ,2
0022500437,1628172,Evan Scott,78  ,3
0022500441,1662,Bill Kennedy,55  ,1
0022500441,203593,Justin Van Duyne,64  ,2
0022500441,1628954,Jenna Schroeder,20  ,3
0022500443,202041,Kevin Scott,24  ,1
0022500443,1626300,Ray Acosta,54  ,2
0022500443,1628485,JD Ralls,80  ,3
0022500444,1162,Scott Foster,48  ,1
0022500444,1627519,John Conley,56  ,2
0022500444,1627541,Natalie Sago,9   ,3
0022500451,1148,James Capers,19  ,1
0022500451,204058,Gediminas Petraitis,50  ,2
0022500451,1629183,Pat O'Connell,90  ,3
0022500454,201246,Kevin Cutler,34  ,1
0022500454,1627963,Phenizee Ransom,70  ,2
0022500454,1628480,Robert Hussey,85  ,3
0022500457,204059,Tyler Ford,39  ,1
0022500457,1628159,Mousa Dagher,28  ,2
0022500457,1629177,Biniam Maru,94  ,3
0022500458,1662,Bill Kennedy,55  ,1
0022500458,1627529,Suyash Mehta,82  ,2
0022500458,1627534,Andy Nagy,83  ,3
0022500464,1179,Rodney Mott,71  ,1
0022500464,101283,Brian Forte,45  ,2
0022500464,202037,J.T. Orr,72  ,3
0022500467,2882,Sean Wright,4   ,1
0022500467,204058,Gediminas Petraitis,50  ,2
0022500467,1628953,Ashley Moyer-Gleich,13  ,3
0022500468,2534,Zach Zarba,15  ,1
0022500468,1627963,Phenizee Ransom,70  ,2
0022500468,1628480,Robert Hussey,85  ,3
0022500469,201639,Josh Tiven,58  ,1
0022500469,202901,Matt Myers,43  ,2
0022500469,1628951,John Butler,30  ,3
0022500472,2002,Derrick Collins,11  ,1
0022500472,200832,Curtis Blair,74  ,2
0022500472,1628951,John Butler,30  ,3
0022500478,1155,JB DeRosa,14  ,1
0022500478,204059,Tyler Ford,39  ,2
0022500478,1627526,Matt Kallio,53  ,3
0022500480,1148,James Capers,19  ,1
0022500480,1626301,Jason Goldenberg,35  ,2
0022500480,1628487,Danielle Scott,87  ,3
0022500481,2534,Zach Zarba,15  ,1
0022500481,200833,Eric Dalen,37  ,2
0022500481,1630879,Nate Cearley,84  ,3
0022500490,203054,Che Flores,91  ,1
0022500490,1626300,Ray Acosta,54  ,2
0022500490,1627963,Phenizee Ransom,70  ,3
0022500494,1162,Scott Foster,48  ,1
0022500494,1626301,Jason Goldenberg,35  ,2
0022500494,1628159,Mousa Dagher,28  ,3
0022500495,2534,Zach Zarba,15  ,1
0022500495,1627539,Tyler Ricks,95  ,2
0022500495,1628171,Brandon Schwab,86  ,3
0022500499,202037,J.T. Orr,72  ,1
0022500499,203591,Mitchell Ervin,27  ,2
0022500499,203593,Justin Van Duyne,64  ,3
0022500505,2534,Zach Zarba,15  ,1
0022500505,203054,Che Flores,91  ,2
0022500505,1628480,Robert Hussey,85  ,3
0022500507,202026,Karl Lane,77  ,1
0022500507,1627541,Natalie Sago,9   ,2
0022500507,1628485,JD Ralls,94  ,3
0022500508,2002,Derrick Collins,11  ,1
0022500508,101283,Brian Forte,45  ,2
0022500508,203593,Justin Van Duyne,64  ,3
0022500510,1830,Marc Davis,8   ,1
0022500510,202053,Scott Twardoski,52  ,2
0022500510,202056,CJ Washington,12  ,3
0022500512,1148,James Capers,19  ,1
0022500512,200833,Eric Dalen,37  ,2
0022500512,1628487,Danielle Scott,87  ,3
0022500515,1179,Rodney Mott,71  ,1
0022500515,202037,J.T. Orr,72  ,2
0022500515,203591,Mitchell Ervin,27  ,3
0022500516,201638,Brent Barnaky,36  ,1
0022500516,202053,Scott Twardoski,52  ,2
0022500516,1628954,Jenna Schroeder,20  ,3
0022500520,202041,Kevin Scott,24  ,1
0022500520,1627534,Andy Nagy,83  ,2
0022500520,1627964,Jonathan Sterling,17  ,3
0022500521,1155,JB DeRosa,14  ,1
0022500521,1626300,Ray Acosta,54  ,2
0022500521,1627526,Matt Kallio,53  ,3
0022500525,1151,Sean Corbin,33  ,1
0022500525,101284,John Goble,10  ,2
0022500525,203054,Che Flores,91  ,3
0022500527,101283,Brian Forte,45  ,1
0022500527,202037,J.T. Orr,72  ,2
0022500527,204058,Gediminas Petraitis,50  ,3
0022500528,201246,Kevin Cutler,34  ,1
0022500528,1627962,Jacyn Goble,68  ,2
0022500528,1628481,Simone Jelks,81  ,3
0022500529,2530,Ed Malloy,7   ,1
0022500529,1626301,Jason Goldenberg,35  ,2
0022500529,1629178,Sha'Rae Mitchell,98  ,3
0022500531,203593,Justin Van Duyne,64  ,1
0022500531,1628159,Mousa Dagher,28  ,2
0022500531,1628951,John Butler,30  ,3
0022500536,1830,Marc Davis,8   ,1
0022500536,203592,Dedric Taylor,21  ,2
0022500536,1628485,JD Ralls,80  ,3
0022500538,2004,Courtney Kirkland,61  ,1
0022500538,1627524,Nate Green,41  ,2
0022500538,1627539,Tyler Ricks,95  ,3
0022500540,200834,Mark Lindsay,29  ,1
0022500540,201245,Marat Kogut,32  ,2
0022500540,1627961,Brandon Adair,67  ,3
0022500541,101283,Brian Forte,45  ,1
0022500541,204058,Gediminas Petraitis,50  ,2
0022500541,1628953,Ashley Moyer-Gleich,13  ,3
0022500544,2882,Sean Wright,4   ,1
0022500544,200833,Eric Dalen,37  ,2
0022500544,1627529,Suyash Mehta,82  ,3
0022500545,200832,Curtis Blair,74  ,1
0022500545,202007,Nick Buchert,3   ,2
0022500545,1626301,Jason Goldenberg,35  ,3
0022500548,2002,Derrick Collins,11  ,1
0022500548,202041,Kevin Scott,24  ,2
0022500548,203054,Che Flores,91  ,3
0022500549,2530,Ed Malloy,7   ,1
0022500549,1627963,Phenizee Ransom,70  ,2
0022500549,1628951,John Butler,30  ,3
0022500550,1179,Rodney Mott,71  ,1
0022500550,203591,Mitchell Ervin,27  ,2
0022500550,1627541,Natalie Sago,9   ,3
0022500552,1155,JB DeRosa,14  ,1
0022500552,2004,Courtney Kirkland,61  ,2
0022500552,1627539,Tyler Ricks,95  ,3
0022500554,1830,Marc Davis,8   ,1
0022500554,201245,Marat Kogut,32  ,2
0022500554,1627524,Nate Green,41  ,3
0022500559,2003,Pat Fraher,26  ,1
0022500559,200833,Eric Dalen,37  ,2
0022500559,1628171,Brandon Schwab,86  ,3
0022500564,2530,Ed Malloy,7   ,1
0022500564,1626301,Jason Goldenberg,35  ,2
0022500564,1627519,John Conley,56  ,3
0022500565,1830,Marc Davis,8   ,1
0022500565,202901,Matt Myers,43  ,2
0022500565,1627541,Natalie Sago,9   ,3
0022500567,1146,Tony Brothers,25  ,1
0022500567,203593,Justin Van Duyne,64  ,2
0022500567,1628480,Robert Hussey,85  ,3
0022500573,203591,Mitchell Ervin,27  ,1
0022500573,1627961,Brandon Adair,67  ,2
0022500573,1627963,Phenizee Ransom,70  ,3
0022500574,201639,Josh Tiven,58  ,1
0022500574,203592,Dedric Taylor,21  ,2
0022500574,1627529,Suyash Mehta,82  ,3
0022500578,2004,Courtney Kirkland,61  ,1
0022500578,201245,Marat Kogut,32  ,2
0022500578,202053,Scott Twardoski,52  ,3
0022500579,1155,JB DeRosa,14  ,1
0022500579,1201,Leon Wood,40  ,2
0022500579,201638,Brent Barnaky,36  ,3
0022500580,201639,Josh Tiven,58  ,1
0022500580,204058,Gediminas Petraitis,50  ,2
0022500580,1627529,Suyash Mehta,82  ,3
0022500587,1148,James Capers,19  ,1
0022500587,1179,Rodney Mott,71  ,2
0022500587,1628484,Dannica Baroody,89  ,3
0022500589,1626300,Ray Acosta,54  ,1
0022500589,1627524,Nate Green,41  ,2
0022500589,1628487,Danielle Scott,87  ,3
0022500590,1146,Tony Brothers,25  ,1
0022500590,2002,Derrick Collins,11  ,2
0022500590,1626301,Jason Goldenberg,35  ,3
0022500591,2530,Ed Malloy,7   ,1
0022500591,101283,Brian Forte,45  ,2
0022500591,1628485,JD Ralls,80  ,3
0022500597,201638,Brent Barnaky,36  ,1
0022500597,203054,Che Flores,91  ,2
0022500597,1628159,Mousa Dagher,28  ,3
0022500598,1830,Marc Davis,8   ,1
0022500598,1627962,Jacyn Goble,68  ,2
0022500598,1628480,Robert Hussey,85  ,3
0022500600,1162,Scott Foster,48  ,1
0022500600,1628168,Jenna Reneau,93  ,2
0022500600,1628171,Brandon Schwab,86  ,3
0022500608,2882,Sean Wright,4   ,1
0022500608,202037,J.T. Orr,72  ,2
0022500608,203592,Dedric Taylor,21  ,3
0022500615,1151,Sean Corbin,33  ,1
0022500615,202058,James Williams,60  ,2
0022500615,1628954,Jenna Schroeder,20  ,3
0022500616,200833,Eric Dalen,37  ,1
0022500616,202056,CJ Washington,12  ,2
0022500616,204058,Gediminas Petraitis,50  ,3
0022500623,203591,Mitchell Ervin,27  ,1
0022500623,1627524,Nate Green,41  ,2
0022500623,1627526,Matt Kallio,53  ,3
0022500628,101284,John Goble,10  ,1
0022500628,202007,Nick Buchert,3   ,2
0022500628,202056,CJ Washington,12  ,3
0022500631,1201,Leon Wood,40  ,1
0022500631,203593,Justin Van Duyne,64  ,2
0022500631,204059,Tyler Ford,39  ,3
0022500633,2003,Pat Fraher,26  ,1
0022500633,1628487,Danielle Scott,87  ,2
0022500633,1628951,John Butler,30  ,3
0022500637,200833,Eric Dalen,37  ,1
0022500637,202058,James Williams,60  ,2
0022500637,1627961,Brandon Adair,67  ,3
0022500638,201245,Marat Kogut,32  ,1
0022500638,202041,Kevin Scott,24  ,2
0022500638,1628172,Evan Scott,78  ,3
0022500639,1151,Sean Corbin,33  ,1
0022500639,2534,Zach Zarba,15  ,2
0022500639,1628481,Simone Jelks,81  ,3
0022500640,1193,Michael Smith,38  ,1
0022500640,200832,Curtis Blair,74  ,2
0022500640,203591,Mitchell Ervin,27  ,3
0022500641,201638,Brent Barnaky,36  ,1
0022500641,202026,Karl Lane,77  ,2
0022500641,1628954,Jenna Schroeder,20  ,3
0022500643,1146,Tony Brothers,25  ,1
0022500643,201246,Kevin Cutler,34  ,2
0022500643,1627519,John Conley,79  ,3
0022500645,2004,Courtney Kirkland,61  ,1
0022500645,1627539,Tyler Ricks,95  ,2
0022500645,1628480,Robert Hussey,85  ,3
0022500647,200832,Curtis Blair,74  ,1
0022500647,202056,CJ Washington,12  ,2
0022500647,1628953,Ashley Moyer-Gleich,13  ,3
0022500648,1179,Rodney Mott,71  ,1
0022500648,201639,Josh Tiven,58  ,2
0022500648,202901,Matt Myers,43  ,3
0022500653,201638,Brent Barnaky,36  ,1
0022500653,202026,Karl Lane,77  ,2
0022500653,1628954,Jenna Schroeder,20  ,3
0022500664,2534,Zach Zarba,15  ,1
0022500664,1627964,Jonathan Sterling,17  ,2
0022500664,1628172,Evan Scott,78  ,3
0022500668,1148,James Capers,19  ,1
0022500668,202026,Karl Lane,77  ,2
0022500668,1628159,Mousa Dagher,28  ,3
0022500669,1151,Sean Corbin,33  ,1
0022500669,200832,Curtis Blair,74  ,2
0022500669,202056,CJ Washington,12  ,3
0022500672,1179,Rodney Mott,71  ,1
0022500672,101283,Brian Forte,45  ,2
0022500672,1628480,Robert Hussey,85  ,3
0022500680,1201,Leon Wood,40  ,1
0022500680,203593,Justin Van Duyne,64  ,2
0022500680,1627961,Brandon Adair,67  ,3
0022500681,1151,Sean Corbin,33  ,1
0022500681,1627519,John Conley,56  ,2
0022500681,1627962,Jacyn Goble,68  ,3
0022500683,1148,James Capers,19  ,1
0022500683,1155,JB DeRosa,14  ,2
0022500683,1628172,Evan Scott,78  ,3
0022500684,203054,Che Flores,91  ,1
0022500684,1626300,Ray Acosta,54  ,2
0022500684,1627524,Nate Green,41  ,3
0022500692,201638,Brent Barnaky,36  ,1
0022500692,203592,Dedric Taylor,21  ,2
0022500692,1627534,Andy Nagy,83  ,3
0022500697,1151,Sean Corbin,33  ,1
0022500697,1201,Leon Wood,40  ,2
0022500697,204058,Gediminas Petraitis,50  ,3
0022500698,1155,JB DeRosa,14  ,1
0022500698,202007,Nick Buchert,3   ,2
0022500698,203054,Che Flores,91  ,3
0022500699,2534,Zach Zarba,15  ,1
0022500699,200833,Eric Dalen,37  ,2
0022500699,1628172,Evan Scott,78  ,3
0022500701,2882,Sean Wright,4   ,1
0022500701,1626301,Jason Goldenberg,35  ,2
0022500701,1628481,Simone Jelks,81  ,3
0022500707,2003,Pat Fraher,26  ,1
0022500707,204059,Tyler Ford,39  ,2
0022500707,1629183,Pat O'Connell,90  ,3
0022500713,2003,Pat Fraher,26  ,1
0022500713,201638,Brent Barnaky,36  ,2
0022500713,1627541,Natalie Sago,9   ,3
0022500716,201639,Josh Tiven,58  ,1
0022500716,1627529,Suyash Mehta,82  ,2
0022500716,1627962,Jacyn Goble,68  ,3
0022500726,2003,Pat Fraher,26  ,1
0022500726,202901,Matt Myers,43  ,2
0022500726,204059,Tyler Ford,39  ,3
0022500727,2002,Derrick Collins,11  ,1
0022500727,2004,Courtney Kirkland,61  ,2
0022500727,1627524,Nate Green,41  ,3
0022500729,1201,Leon Wood,40  ,1
0022500729,202058,James Williams,60  ,2
0022500729,1626300,Ray Acosta,54  ,3
0022500731,200834,Mark Lindsay,29  ,1
0022500731,202056,CJ Washington,12  ,2
0022500731,203591,Mitchell Ervin,27  ,3
0022500735,101284,John Goble,10  ,1
0022500735,204058,Gediminas Petraitis,50  ,2
0022500735,1628172,Evan Scott,78  ,3
0022500739,1830,Marc Davis,8   ,1
0022500739,1627541,Natalie Sago,9   ,2
0022500739,1627961,Brandon Adair,67  ,3
0022500740,1155,JB DeRosa,14  ,1
0022500740,1626301,Jason Goldenberg,35  ,2
0022500740,1628954,Jenna Schroeder,20  ,3
0022500741,2004,Courtney Kirkland,61  ,1
0022500741,1628481,Simone Jelks,81  ,2
0022500741,1628951,John Butler,30  ,3
0022500744,1162,Scott Foster,48  ,1
0022500744,1627534,Andy Nagy,83  ,2
0022500744,1630886,Intae Hwang,73  ,3
0022500746,201638,Brent Barnaky,36  ,1
0022500746,203593,Justin Van Duyne,64  ,2
0022500746,1628954,Jenna Schroeder,20  ,3
0022500748,2534,Zach Zarba,15  ,1
0022500748,201245,Marat Kogut,32  ,2
0022500748,1627961,Brandon Adair,67  ,3
0022500750,1830,Marc Davis,8   ,1
0022500750,200834,Mark Lindsay,29  ,2
0022500750,1628480,Robert Hussey,85  ,3
0022500751,1627962,Jacyn Goble,68  ,1
0022500751,1628953,Ashley Moyer-Gleich,13  ,2
0022500751,1629177,Biniam Maru,94  ,3
0022500756,1155,JB DeRosa,14  ,1
0022500756,1201,Leon Wood,40  ,2
0022500756,1626301,Jason Goldenberg,35  ,3
0022500763,1626302,Aaron Smith,51  ,1
0022500763,1627962,Jacyn Goble,68  ,2
0022500763,1628954,Jenna Schroeder,20  ,3
0022500767,1179,Rodney Mott,71  ,1
0022500767,2534,Zach Zarba,15  ,2
0022500767,1629177,Biniam Maru,94  ,3
0022500768,1155,JB DeRosa,14  ,1
0022500768,1162,Scott Foster,48  ,2
0022500768,202056,CJ Washington,12  ,3
0022500769,200833,Eric Dalen,37  ,1
0022500769,201639,Josh Tiven,58  ,2
0022500769,1627534,Andy Nagy,83  ,3
0022500771,1148,James Capers,19  ,1
0022500771,201245,Marat Kogut,32  ,2
0022500771,1628487,Danielle Scott,87  ,3
0022500775,1193,Michael Smith,38  ,1
0022500775,2003,Pat Fraher,26  ,2
0022500775,203591,Mitchell Ervin,27  ,3
0022500777,2882,Sean Wright,4   ,1
0022500777,1626302,Aaron Smith,51  ,2
0022500777,1628172,Evan Scott,78  ,3
0022500779,1626300,Ray Acosta,54  ,1
0022500779,1626301,Jason Goldenberg,35  ,2
0022500779,1627963,Phenizee Ransom,70  ,3
0022500782,1830,Marc Davis,8   ,1
0022500782,1628480,Robert Hussey,85  ,2
0022500782,1628951,John Butler,30  ,3
0022500787,200833,Eric Dalen,37  ,1
0022500787,1627524,Nate Green,41  ,2
0022500787,1627962,Jacyn Goble,68  ,3
0022500792,1162,Scott Foster,48  ,1
0022500792,101283,Brian Forte,45  ,2
0022500792,1629183,Pat O'Connell,90  ,3
0022500797,200834,Mark Lindsay,29  ,1
0022500797,204058,Gediminas Petraitis,50  ,2
0022500797,1628168,Jenna Reneau,93  ,3
0022500801,1193,Michael Smith,38  ,1
0022500801,2003,Pat Fraher,26  ,2
0022500801,201246,Kevin Cutler,34  ,3
0022500802,201245,Marat Kogut,32  ,1
0022500802,201638,Brent Barnaky,36  ,2
0022500802,1627539,Tyler Ricks,95  ,3
0022500809,1830,Marc Davis,8   ,1
0022500809,202056,CJ Washington,12  ,2
0022500809,1628159,Mousa Dagher,28  ,3
0022500811,1146,Tony Brothers,25  ,1
0022500811,1193,Michael Smith,38  ,2
0022500811,2003,Pat Fraher,26  ,3
0022500816,2882,Sean Wright,4   ,1
0022500816,1627524,Nate Green,41  ,2
0022500816,1627534,Andy Nagy,83  ,3
0022500818,202053,Scott Twardoski,52  ,1
0022500818,203593,Justin Van Duyne,64  ,2
0022500818,1628484,Dannica Baroody,89  ,3
0022500825,2530,Ed Malloy,7   ,1
0022500825,202027,Tre Maddox,23  ,2
0022500825,1628953,Ashley Moyer-Gleich,13  ,3
0022500827,202007,Nick Buchert,3   ,1
0022500827,204058,Gediminas Petraitis,50  ,2
0022500827,1628171,Brandon Schwab,86  ,3
0022500838,203593,Justin Van Duyne,64  ,1
0022500838,204059,Tyler Ford,39  ,2
0022500838,1627526,Matt Kallio,53  ,3
0022500840,101283,Brian Forte,45  ,1
0022500840,1628480,Robert Hussey,85  ,2
0022500840,1628951,John Butler,30  ,3
0022500841,1193,Michael Smith,38  ,1
0022500841,2882,Sean Wright,4   ,2
0022500841,1628487,Danielle Scott,87  ,3
0022500843,1155,JB DeRosa,14  ,1
0022500843,200834,Mark Lindsay,29  ,2
0022500843,1627961,Brandon Adair,67  ,3
0022500846,200832,Curtis Blair,74  ,1
0022500846,1627541,Natalie Sago,9   ,2
0022500846,1628172,Evan Scott,78  ,3
0022500849,1151,Sean Corbin,33  ,1
0022500849,101284,John Goble,10  ,2
0022500849,1628953,Ashley Moyer-Gleich,13  ,3
0022500852,202041,Kevin Scott,24  ,1
0022500852,1626300,Ray Acosta,54  ,2
0022500852,1630886,Intae Hwang,73  ,3
0022500853,1155,JB DeRosa,14  ,1
0022500853,203591,Mitchell Ervin,27  ,2
0022500853,1628481,Simone Jelks,81  ,3
0022500854,202007,Nick Buchert,3   ,1
0022500854,1626301,Jason Goldenberg,35  ,2
0022500854,1628171,Brandon Schwab,86  ,3
0022500855,2882,Sean Wright,4   ,1
0022500855,1627526,Matt Kallio,53  ,2
0022500855,1628159,Mousa Dagher,28  ,3
0022500857,101283,Brian Forte,45  ,1
0022500857,1628480,Robert Hussey,85  ,2
0022500857,1628951,John Butler,30  ,3
0022500858,2004,Courtney Kirkland,61  ,1
0022500858,1626302,Aaron Smith,51  ,2
0022500858,1627539,Tyler Ricks,95  ,3
0022500862,202037,J.T. Orr,72  ,1
0022500862,202058,James Williams,60  ,2
0022500862,1627962,Jacyn Goble,68  ,3
0022500869,1179,Rodney Mott,71  ,1
0022500869,2534,Zach Zarba,15  ,2
0022500869,2715,Eric Lewis,42  ,3
0022500881,203591,Mitchell Ervin,27  ,1
0022500881,1627534,Andy Nagy,83  ,2
0022500881,1629183,Pat O'Connell,90  ,3
0022500884,2003,Pat Fraher,26  ,1
0022500884,202026,Karl Lane,77  ,2
0022500884,1628953,Ashley Moyer-Gleich,13  ,3
0022500893,101283,Brian Forte,45  ,1
0022500893,1626300,Ray Acosta,54  ,2
0022500893,1627961,Brandon Adair,67  ,3
0022500895,201638,Brent Barnaky,36  ,1
0022500895,203054,Che Flores,91  ,2
0022500895,1626302,Aaron Smith,51  ,3
0022500899,2882,Sean Wright,4   ,1
0022500899,1627962,Jacyn Goble,68  ,2
0022500899,1629177,Biniam Maru,94  ,3
0022500902,200832,Curtis Blair,74  ,1
0022500902,202007,Nick Buchert,3   ,2
0022500902,1628159,Mousa Dagher,28  ,3
0022500905,1155,JB DeRosa,14  ,1
0022500905,201639,Josh Tiven,58  ,2
0022500905,1628954,Jenna Schroeder,20  ,3
0022500906,2530,Ed Malloy,7   ,1
0022500906,203592,Dedric Taylor,21  ,2
0022500906,203593,Justin Van Duyne,64  ,3
0022500912,2715,Eric Lewis,42  ,1
0022500912,202027,Tre Maddox,23  ,2
0022500912,1627534,Andy Nagy,83  ,3
0022500913,1148,James Capers,19  ,1
0022500913,1155,JB DeRosa,14  ,2
0022500913,1628484,Dannica Baroody,89  ,3
0022500916,1151,Sean Corbin,33  ,1
0022500916,204059,Tyler Ford,39  ,2
0022500916,1629177,Biniam Maru,94  ,3
0022500918,2534,Zach Zarba,15  ,1
0022500918,1628481,Simone Jelks,81  ,2
0022500918,1628953,Ashley Moyer-Gleich,13  ,3
0022500920,201638,Brent Barnaky,36  ,1
0022500920,202049,Ben Taylor,46  ,2
0022500920,202053,Scott Twardoski,52  ,3
0022500933,1830,Marc Davis,8   ,1
0022500933,202901,Matt Myers,43  ,2
0022500933,1626301,Jason Goldenberg,35  ,3
0022500934,2530,Ed Malloy,7   ,1
0022500934,1627541,Natalie Sago,9   ,2
0022500934,1628172,Evan Scott,78  ,3
0022500943,202056,CJ Washington,12  ,1
0022500943,1627962,Jacyn Goble,68  ,2
0022500943,1628953,Ashley Moyer-Gleich,13  ,3
0022500944,101284,John Goble,10  ,1
0022500944,202027,Tre Maddox,23  ,2
0022500944,202035,Brett Nansel,44  ,3
0022500945,200834,Mark Lindsay,29  ,1
0022500945,202058,James Williams,60  ,2
0022500945,1628487,Danielle Scott,87  ,3
0022500947,2530,Ed Malloy,7   ,1
0022500947,203593,Justin Van Duyne,64  ,2
0022500947,1627534,Andy Nagy,83  ,3
0022500955,1148,James Capers,19  ,1
0022500955,1627519,John Conley,56  ,2
0022500955,1628159,Mousa Dagher,28  ,3
0022500957,200832,Curtis Blair,74  ,1
0022500957,200833,Eric Dalen,37  ,2
0022500957,1628954,Jenna Schroeder,20  ,3
0022500958,201639,Josh Tiven,58  ,1
0022500958,1628168,Jenna Reneau,93  ,2
0022500958,1628951,John Butler,30  ,3
0022500959,2882,Sean Wright,4   ,1
0022500959,101283,Brian Forte,45  ,2
0022500959,1627541,Natalie Sago,9   ,3
0022500963,204059,Tyler Ford,39  ,1
0022500963,1626300,Ray Acosta,54  ,2
0022500963,1627963,Phenizee Ransom,70  ,3
0022500964,202041,Kevin Scott,24  ,1
0022500964,203591,Mitchell Ervin,27  ,2
0022500964,1630886,Intae Hwang,73  ,3
0022500969,1148,James Capers,19  ,1
0022500969,1155,JB DeRosa,14  ,2
0022500969,1627539,Tyler Ricks,95  ,3
0022500972,202026,Karl Lane,77  ,1
0022500972,1628171,Brandon Schwab,86  ,2
0022500972,1628487,Danielle Scott,87  ,3
0022500974,202053,Scott Twardoski,52  ,1
0022500974,203593,Justin Van Duyne,64  ,2
0022500974,1627962,Jacyn Goble,68  ,3
0022500981,1146,Tony Brothers,25  ,1
0022500981,1627534,Andy Nagy,83  ,2
0022500981,1627541,Natalie Sago,9   ,3
0022500982,2003,Pat Fraher,26  ,1
0022500982,201245,Marat Kogut,32  ,2
0022500982,201638,Brent Barnaky,36  ,3
0022500986,200834,Mark Lindsay,29  ,1
0022500986,201639,Josh Tiven,58  ,2
0022500986,1628953,Ashley Moyer-Gleich,13  ,3
0022501001,1179,Rodney Mott,71  ,1
0022501001,1830,Marc Davis,8   ,2
0022501001,1629183,Pat O'Connell,90  ,3
0022501011,101284,John Goble,10  ,1
0022501011,1626300,Ray Acosta,54  ,2
0022501011,1627963,Phenizee Ransom,70  ,3
0022501013,202041,Kevin Scott,24  ,1
0022501013,203592,Dedric Taylor,21  ,2
0022501013,1628480,Robert Hussey,85  ,3
0022501016,202007,Nick Buchert,3   ,1
0022501016,202049,Ben Taylor,46  ,2
0022501016,1628171,Brandon Schwab,86  ,3
0022501020,1155,JB DeRosa,14  ,1
0022501020,200832,Curtis Blair,74  ,2
0022501020,1628481,Simone Jelks,81  ,3
0022501021,202027,Tre Maddox,23  ,1
0022501021,202058,James Williams,60  ,2
0022501021,1628159,Mousa Dagher,28  ,3
0022501024,1151,Sean Corbin,33  ,1
0022501024,1830,Marc Davis,8   ,2
0022501024,201245,Marat Kogut,32  ,3
0022501025,101283,Brian Forte,45  ,1
0022501025,202041,Kevin Scott,24  ,2
0022501025,202901,Matt Myers,43  ,3
0022501027,1148,James Capers,19  ,1
0022501027,2715,Eric Lewis,42  ,2
0022501027,203592,Dedric Taylor,21  ,3
0022501029,1662,Bill Kennedy,55  ,1
0022501029,200833,Eric Dalen,37  ,2
0022501029,1628487,Danielle Scott,87  ,3
0022501031,201246,Kevin Cutler,34  ,1
0022501031,1627541,Natalie Sago,9   ,2
0022501031,1628951,John Butler,30  ,3
0022501033,1162,Scott Foster,48  ,1
0022501033,1627534,Andy Nagy,83  ,2
0022501033,1628484,Dannica Baroody,89  ,3
0022501038,101284,John Goble,10  ,1
0022501038,202053,Scott Twardoski,52  ,2
0022501038,1627541,Natalie Sago,9   ,3
0022501039,2882,Sean Wright,4   ,1
0022501039,1627529,Suyash Mehta,82  ,2
0022501039,1628953,Ashley Moyer-Gleich,13  ,3
0022501042,1155,JB DeRosa,14  ,1
0022501042,202027,Tre Maddox,23  ,2
0022501042,1628171,Brandon Schwab,86  ,3
0022501044,203592,Dedric Taylor,21  ,1
0022501044,1627524,Nate Green,41  ,2
0022501044,1627962,Jacyn Goble,68  ,3
0022501048,201638,Brent Barnaky,36  ,1
0022501048,201639,Josh Tiven,58  ,2
0022501048,1628481,Simone Jelks,81  ,3
0022501049,1146,Tony Brothers,25  ,1
0022501049,1627541,Natalie Sago,9   ,2
0022501049,1629177,Biniam Maru,94  ,3
0022501050,202007,Nick Buchert,3   ,1
0022501050,204058,Gediminas Petraitis,50  ,2
0022501050,1628484,Dannica Baroody,89  ,3
0022501051,202041,Kevin Scott,24  ,1
0022501051,202901,Matt Myers,43  ,2
0022501051,1626301,Jason Goldenberg,35  ,3
0022501058,1162,Scott Foster,48  ,1
0022501058,1626300,Ray Acosta,54  ,2
0022501058,1628159,Mousa Dagher,28  ,3
0022501060,1179,Rodney Mott,71  ,1
0022501060,2530,Ed Malloy,7   ,2
0022501060,1627529,Suyash Mehta,82  ,3
0022501065,1148,James Capers,19  ,1
0022501065,1193,Michael Smith,38  ,2
0022501065,203592,Dedric Taylor,21  ,3
0022501066,1151,Sean Corbin,33  ,1
0022501066,2004,Courtney Kirkland,61  ,2
0022501066,1628954,Jenna Schroeder,20  ,3
0022501072,2530,Ed Malloy,7   ,1
0022501072,203591,Mitchell Ervin,27  ,2
0022501072,1628172,Evan Scott,78  ,3
0022501073,202026,Karl Lane,77  ,1
0022501073,202027,Tre Maddox,23  ,2
0022501073,1627963,Phenizee Ransom,70  ,3
0022501074,202007,Nick Buchert,3   ,1
0022501074,1627539,Tyler Ricks,95  ,2
0022501074,1628951,John Butler,30  ,3
0022501077,1148,James Capers,19  ,1
0022501077,2714,David Guthrie,16  ,2
0022501077,1627541,Natalie Sago,9   ,3
0022501079,1162,Scott Foster,48  ,1
0022501079,200833,Eric Dalen,37  ,2
0022501079,202901,Matt Myers,43  ,3
0022501097,1162,Scott Foster,48  ,1
0022501097,202026,Karl Lane,77  ,2
0022501097,1627963,Phenizee Ransom,70  ,3
0022501099,101284,John Goble,10  ,1
0022501099,202053,Scott Twardoski,52  ,2
0022501099,1628484,Dannica Baroody,89  ,3
0022501108,2882,Sean Wright,4   ,1
0022501108,200833,Eric Dalen,37  ,2
0022501108,1627964,Jonathan Sterling,17  ,3
0022501115,1148,James Capers,19  ,1
0022501115,201246,Kevin Cutler,34  ,2
0022501115,203592,Dedric Taylor,21  ,3
0022501117,201639,Josh Tiven,58  ,1
0022501117,202037,J.T. Orr,72  ,2
0022501117,1627524,Nate Green,41  ,3
0022501128,2004,Courtney Kirkland,61  ,1
0022501128,1627529,Suyash Mehta,82  ,2
0022501128,1628480,Robert Hussey,85  ,3
0022501130,201639,Josh Tiven,58  ,1
0022501130,1626300,Ray Acosta,54  ,2
0022501130,1627524,Nate Green,41  ,3
0022501133,1155,JB DeRosa,14  ,1
0022501133,1162,Scott Foster,48  ,2
0022501133,1627961,Brandon Adair,67  ,3
0022501138,1146,Tony Brothers,25  ,1
0022501138,1201,Leon Wood,40  ,2
0022501138,2003,Pat Fraher,26  ,3
0022501142,2004,Courtney Kirkland,61  ,1
0022501142,201246,Kevin Cutler,34  ,2
0022501142,1628480,Robert Hussey,85  ,3
0022501143,2002,Derrick Collins,11  ,1
0022501143,204058,Gediminas Petraitis,50  ,2
0022501143,1626300,Ray Acosta,54  ,3
0022501147,1662,Bill Kennedy,55  ,1
0022501147,1628159,Mousa Dagher,28  ,2
0022501147,1628953,Ashley Moyer-Gleich,13  ,3
0022501150,1830,Marc Davis,8   ,1
0022501150,200834,Mark Lindsay,29  ,2
0022501150,203054,Che Flores,91  ,3
0022501154,2715,Eric Lewis,42  ,1
0022501154,201245,Marat Kogut,32  ,2
0022501154,203591,Mitchell Ervin,27  ,3
0022501158,1148,James Capers,19  ,1
0022501158,1626301,Jason Goldenberg,35  ,2
0022501158,1627962,Jacyn Goble,68  ,3
0022501164,2003,Pat Fraher,26  ,1
0022501164,203591,Mitchell Ervin,27  ,2
0022501164,1628487,Danielle Scott,87  ,3
0022501168,1830,Marc Davis,8   ,1
0022501168,200834,Mark Lindsay,29  ,2
0022501168,202056,CJ Washington,12  ,3
0022501184,1146,Tony Brothers,25  ,1
0022501184,1628171,Brandon Schwab,86  ,2
0022501184,1629183,Pat O'Connell,90  ,3
0022501186,200832,Curtis Blair,74  ,1
0022501186,202901,Matt Myers,43  ,2
0022501186,1626302,Aaron Smith,51  ,3
0022501205,200834,Mark Lindsay,29  ,1
0022501205,202026,Karl Lane,77  ,2
0022501205,202037,J.T. Orr,72  ,3
0022501209,2004,Courtney Kirkland,61  ,1
0022501209,1627529,Suyash Mehta,82  ,2
0022501209,1628953,Ashley Moyer-Gleich,13  ,3
0022501212,2003,Pat Fraher,26  ,1
0022501212,201246,Kevin Cutler,34  ,2
0022501212,1628172,Evan Scott,78  ,3
0022501213,1162,Scott Foster,48  ,1
0022501213,1627541,Natalie Sago,9   ,2
0022501213,1628168,Jenna Reneau,93  ,3
0022501215,101284,John Goble,10  ,1
0022501215,202056,CJ Washington,12  ,2
0022501215,1628951,John Butler,30  ,3
0022501217,204058,Gediminas Petraitis,50  ,1
0022501217,1627539,Tyler Ricks,95  ,2
0022501217,1628953,Ashley Moyer-Gleich,13  ,3
0022501218,1179,Rodney Mott,71  ,1
0022501218,1193,Michael Smith,38  ,2
0022501218,202007,Nick Buchert,3   ,3
0022501221,202037,J.T. Orr,72  ,1
0022501221,203591,Mitchell Ervin,27  ,2
0022501221,1628159,Mousa Dagher,28  ,3
0022501222,200833,Eric Dalen,37  ,1
0022501222,202007,Nick Buchert,3   ,2
0022501222,1628168,Jenna Reneau,93  ,3
0022501224,1148,James Capers,19  ,1
0022501224,1627963,Phenizee Ransom,70  ,2
0022501224,1629183,Pat O'Connell,90  ,3
0022501225,2534,Zach Zarba,15  ,1
0022501225,1627541,Natalie Sago,9   ,2
0022501225,1628485,JD Ralls,80  ,3
0022501228,202053,Scott Twardoski,52  ,1
0022501228,204059,Tyler Ford,39  ,2
0022501228,1628954,Jenna Schroeder,20  ,3
0022501230,2882,Sean Wright,4   ,1
0022501230,101283,Brian Forte,45  ,2
0022501230,1626301,Jason Goldenberg,35  ,3
0042500103,1146,Tony Brothers,25  ,1
0042500103,202007,Nick Buchert,3   ,2
0042500103,203591,Mitchell Ervin,27  ,3
0042500103,1628951,John Butler,30  ,4
0042500104,1162,Scott Foster,48  ,1
0042500104,200833,Eric Dalen,37  ,2
0042500104,201245,Marat Kogut,32  ,3
0042500104,204058,Gediminas Petraitis,50  ,4
0042500105,101284,John Goble,10  ,1
0042500105,200832,Curtis Blair,74  ,2
0042500105,201246,Kevin Cutler,34  ,3
0042500105,202027,Tre Maddox,23  ,4
0042500113,101284,John Goble,10  ,1
0042500113,201638,Brent Barnaky,36  ,2
0042500113,1627534,Andy Nagy,83  ,3
0042500113,1628159,Mousa Dagher,28  ,4
0042500117,1148,James Capers,19  ,1
0042500117,204058,Gediminas Petraitis,50  ,2
0042500117,204059,Tyler Ford,39  ,3
0042500122,2534,Zach Zarba,15  ,1
0042500122,202026,Karl Lane,77  ,2
0042500122,1628159,Mousa Dagher,28  ,3
0042500122,1628951,John Butler,30  ,4
0042500123,1830,Marc Davis,8   ,1
0042500123,202007,Nick Buchert,3   ,2
0042500123,1627541,Natalie Sago,9   ,3
0042500134,101284,John Goble,10  ,1
0042500134,200832,Curtis Blair,74  ,2
0042500134,1626300,Ray Acosta,54  ,3
0042500134,1627541,Natalie Sago,9   ,4
0042500136,1146,Tony Brothers,25  ,1
0042500136,202027,Tre Maddox,23  ,2
0042500136,203591,Mitchell Ervin,27  ,3
0042500136,203593,Justin Van Duyne,64  ,4
0042500152,101284,John Goble,10  ,1
0042500152,200832,Curtis Blair,74  ,2
0042500152,201638,Brent Barnaky,36  ,3
0042500152,1626302,Aaron Smith,51  ,4
0042500162,1146,Tony Brothers,25  ,1
0042500162,203591,Mitchell Ervin,27  ,2
0042500162,203592,Dedric Taylor,21  ,3
0042500162,204058,Gediminas Petraitis,50  ,4
0042500166,1155,JB DeRosa,14  ,1
0042500166,2004,Courtney Kirkland,61  ,2
0042500166,101283,Brian Forte,45  ,3
0042500166,201639,Josh Tiven,58  ,4
0042500173,2534,Zach Zarba,15  ,1
0042500173,202027,Tre Maddox,23  ,2
0042500173,1626300,Ray Acosta,54  ,3
0042500173,1627524,Nate Green,41  ,4
0042500175,1146,Tony Brothers,25  ,1
0042500175,2003,Pat Fraher,26  ,2
0042500175,201245,Marat Kogut,32  ,3
0042500175,203591,Mitchell Ervin,27  ,4
0042500203,1162,Scott Foster,48  ,1
0042500203,2003,Pat Fraher,26  ,2
0042500203,2004,Courtney Kirkland,61  ,3
0042500203,202027,Tre Maddox,23  ,4
0042500205,1146,Tony Brothers,25  ,1
0042500205,200834,Mark Lindsay,29  ,2
0042500205,204058,Gediminas Petraitis,50  ,3
0042500205,204059,Tyler Ford,39  ,4
0042500224,1146,Tony Brothers,25  ,1
0042500224,202041,Kevin Scott,24  ,2
0042500224,203593,Justin Van Duyne,64  ,3
0042500231,1830,Marc Davis,8   ,1
0042500231,202041,Kevin Scott,24  ,2
0042500231,204058,Gediminas Petraitis,50  ,3
0042500231,1627534,Andy Nagy,83  ,4
0042500234,2534,Zach Zarba,15  ,1
0042500234,200833,Eric Dalen,37  ,2
0042500234,201638,Brent Barnaky,36  ,3
0042500234,202058,James Williams,60  ,4
0042500301,1148,James Capers,19  ,1
0042500301,1155,JB DeRosa,14  ,2
0042500301,1162,Scott Foster,48  ,3
0042500301,1626300,Ray Acosta,54  ,4
0042500311,2530,Ed Malloy,7   ,1
0042500311,2534,Zach Zarba,15  ,2
0042500311,101284,John Goble,10  ,3
0042500311,203591,Mitchell Ervin,27  ,4
0042500401,1148,James Capers,19  ,1
0042500401,1155,JB DeRosa,14  ,2
0042500401,1162,Scott Foster,48  ,3
0042500401,2882,Sean Wright,4   ,4
0042500402,1146,Tony Brothers,25  ,1
0042500402,201639,Josh Tiven,58  ,2
0042500402,203591,Mitchell Ervin,27  ,3
0042500402,204059,Tyler Ford,39  ,4
0042500403,1830,Marc Davis,8   ,1
0042500403,101284,John Goble,10  ,2
0042500403,200832,Curtis Blair,74  ,3
0042500403,202007,Nick Buchert,3   ,4
0042500404,2004,Courtney Kirkland,61  ,1
0042500404,2534,Zach Zarba,15  ,2
0042500404,202058,James Williams,60  ,3
0042500404,203593,Justin Van Duyne,64  ,4
0042500405,1148,James Capers,19  ,1
0042500405,1162,Scott Foster,48  ,2
0042500405,203591,Mitchell Ervin,27  ,3
0042500405,204059,Tyler Ford,39  ,4
0052500111,2534,Zach Zarba,15  ,1
0052500111,200832,Curtis Blair,74  ,2
0052500111,204058,Gediminas Petraitis,50  ,3
0052500111,1627541,Natalie Sago,9   ,4
0052500121,1148,James Capers,19  ,1
0052500121,200833,Eric Dalen,37  ,2
0052500121,202007,Nick Buchert,3   ,3
0052500121,1626300,Ray Acosta,54  ,4
0052500131,1151,Sean Corbin,33  ,1
0052500131,202026,Karl Lane,77  ,2
0052500131,202049,Ben Taylor,46  ,3
0052500131,202058,James Williams,60  ,4
