row_id,human_level,note,grader,graded_at
e13817d3ca93,affecting,,Harris,2026-09-23T13:42:53
507a25d9101d,affecting,,Harris,2026-09-23T13:45:45
99da0a1fd8ef,affecting,,Harris,2026-09-23T13:46:13
dc6a77cd7086,affecting,,Harris,2026-09-23T13:46:27
23406b5beab7,marginal,,Harris,2026-09-23T13:47:43
5f5c15601eb3,marginal,,Harris,2026-09-23T13:47:49
3bf5f9ab5b07,legal,,Harris,2026-09-23T13:47:56
4dfef4e344f5,marginal,,Harris,2026-09-23T13:48:11
34ed7d3de789,marginal,,Harris,2026-09-23T13:48:20
289059ada047,marginal,,Harris,2026-09-23T13:49:59
eaddfa7b2448,affecting,,Harris,2026-09-23T13:50:04
f22ec8e48a5e,affecting,,Harris,2026-09-23T13:50:22
6c9a2442d3c1,marginal,,Harris,2026-09-23T13:50:41
dd501cd14327,legal,,Harris,2026-09-23T13:50:50
daebe90b3b9f,marginal,,Harris,2026-09-23T13:50:57
39cbc3bea247,marginal,,Harris,2026-09-23T13:51:03
ba7b7dd97d09,affecting,,Harris,2026-09-23T13:51:08
dd4ca3e8b725,affecting,,Harris,2026-09-23T13:51:14
88718d97ff9a,none,,Harris,2026-09-23T13:51:22
d1483fc6b5bc,marginal,,Harris,2026-09-23T13:51:25
cc0ab5e7002d,affecting,,Harris,2026-09-23T13:51:29
e62c7f62505a,affecting,,Harris,2026-09-23T13:51:35
e243f417e0ab,marginal,,Harris,2026-09-23T13:51:41
51f4fc53f7cd,marginal,,Harris,2026-09-23T13:51:50
89c820c67060,affecting,,Harris,2026-09-23T13:51:57
