decision,call_type,contact_level,contact_trigger,contact_region,comment,clip_url,human_level
CNC,Foul: Shooting,none,avoids making contact,arm,Allen (MIL) contests the jump shot attempt and avoids making contact with Thomas' (BKN) arm.,https://ak-static.cms.nba.com/wp-content/uploads/referee-clips/0022200995_2123_DF%20BCAST_1509kbps.mp4,
CNC,Foul: Personal,none,does not initiate contact,unstated,"Luwawu-Cabarrot (ATL) moves along with Curry (PHI) and engages with him, but does not initiate contact that causes him to fall to the floor.",https://ak-static.cms.nba.com/wp-content/uploads/referee-clips/0022100335_2101_DF%20BCAST_1509kbps.mp4,
CNC,Foul: Loose Ball,none,avoids making contact,ball,"Suggs (ORL) goes to the ground in pursuit of the loose ball and avoids making contact with Gilgeous-Alexander (OKC), who is able to recover the ball.",https://ak-static.cms.nba.com/wp-content/uploads/referee-clips/0022200105_2189_DF%20BCAST_1509kbps.mp4,
CNC,Foul: Shooting,none,avoids making illegal contact,lower_body,Collins (SAS) retreats in Sengun's (HOU) path and avoids making illegal contact with Sengun during the layup attempt at the basket.,https://ak-static.cms.nba.com/wp-content/uploads/referee-clips/0022300083_2207_DF%20BCAST_1509kbps.mp4,
CNC,Foul: Offensive,none,does not deliver contact,unstated,Horford (BOS) establishes himself in a screening position in Maxey's (PHI) path and does not deliver contact.,https://ak-static.cms.nba.com/wp-content/uploads/referee-clips/0022100322_2100_DF%20BCAST_1509kbps.mp4,
CNC,Foul: Offensive,none,does not deliver contact,unstated,Yabusele (PHI) establishes a screening position in Beal's (PHX) path and does not deliver contact as he sets the pick.,https://ak-static.cms.nba.com/wp-content/uploads/referee-clips/0022400167_2136_DF%20BCAST_1509kbps.mp4,
CNC,Foul: Shooting,none,avoids making contact,arm,Black (ORL) contests the jump shot attempt and avoids making contact with Gillespie's (PHX) arm.,https://ak-static.cms.nba.com/wp-content/uploads/referee-clips/0022500811_2158_DF%20BCAST_1509kbps.mp4,
CNC,Foul: Personal,none,does not make any contact,lower_body,Simmons (PHI) makes foot to foot contact with himself during the drive. Schroder (LAL) does not make any contact with Simmons that affects his SQBR.,https://ak-static.cms.nba.com/wp-content/uploads/referee-clips/0022000681_2258_DF%20BCAST_1509kbps.mp4,
CNC,Foul: Offensive,none,does not deliver contact,unstated,Gordon (ORL) establishes himself in a screening position in the path of Holiday (MEM) and does not deliver contact.,https://ak-static.cms.nba.com/wp-content/uploads/referee-clips/0021801080_2130_DF%20BCAST_1509kbps.mp4,
CNC,Foul: Offensive,none,does not deliver contact,unstated,Griffin (DET) sets the screen on Barton (DEN) and does not deliver contact.,https://ak-static.cms.nba.com/wp-content/uploads/referee-clips/0021801115_2201_DF%20BCAST_1509kbps.mp4,
CNC,Foul: Shooting,marginal,brushes,arm,Hardaway Jr. (DAL) brushes Williams' (OKC) left arm and the contact does not affect his layup attempt.,https://ak-static.cms.nba.com/wp-content/uploads/referee-clips/0042300224_2273_DF%20BCAST_1509kbps.mp4,
CNC,Foul: Personal,marginal,marginal,hand,Hart (NOP) brings his hands toward Holiday's (MIL) side and marginal contact occurs at the end of Holiday's drive.,https://ak-static.cms.nba.com/wp-content/uploads/referee-clips/0022100438_2097_DF%20BCAST_1509kbps.mp4,
CNC,Foul: Personal,marginal,marginal,arm,Batum (PHI) rests his forearm on Brunson's (NYK) side and the contact prior to Brunson's pass is marginal.,https://ak-static.cms.nba.com/wp-content/uploads/referee-clips/0042300116_2266_DF%20BCAST_1509kbps.mp4,
CNC,Foul: Personal,marginal,marginal,body,Sabonis (SAC) reaches in and the contact with Jokic's (DEN) side is marginal.,https://ak-static.cms.nba.com/wp-content/uploads/referee-clips/0022401225_2108_DF%20BCAST_1509kbps.mp4,
CNC,Foul: Offensive,marginal,marginal,unstated,Powell (TOR) makes marginal contact with Valentine (CHI) as he disengages from the contact.,https://ak-static.cms.nba.com/wp-content/uploads/referee-clips/0021900345_2166_DF%20BCAST_1509kbps.mp4,
CNC,Foul: Personal,marginal,marginal,unstated,Payne (PHI) and Herro (MIA) engage and disengage with one another and marginal contact occurs during the inbound.,https://ak-static.cms.nba.com/wp-content/uploads/referee-clips/0022300779_2095_DF%20BCAST_1509kbps.mp4,
CNC,Foul: Shooting,marginal,marginal,unstated,Jackson (DET) moves along Payton's (NYK) path and makes marginal contact during his driving shot attempt.,https://ak-static.cms.nba.com/wp-content/uploads/referee-clips/0021900779_2163_DF%20BCAST_1509kbps.mp4,
CNC,Foul: Personal,marginal,incidental,unstated,Bogdanovic (UTA) makes incidental contact with Gordon (ORL) that does not affect his FOM during the inbounds pass.,https://ak-static.cms.nba.com/wp-content/uploads/referee-clips/0021900405_2236_DF%20BCAST_1509kbps.mp4,
CNC,Foul: Personal,marginal,marginal,body,Wagner (ORL) moves toward Hunter (ATL) and marginal side-to-side contact occurs as the errant pass is made.,https://ak-static.cms.nba.com/wp-content/uploads/referee-clips/0022200454_2145_DF%20BCAST_1509kbps.mp4,
CNC,Foul: Personal,marginal,marginal,ball,Kleber (DAL) makes marginal contact with Siakam (TOR) off ball that does not affect his ability to get to the pass.,https://ak-static.cms.nba.com/wp-content/uploads/referee-clips/0022100675_2123_DF%20BCAST_1509kbps.mp4,
CNC,Foul: Personal,affecting,affect,ball,"Smith Jr. (NYK) makes some contact with Collison (IND) on the perimeter, but doesn't affect his ability to maintain control of the ball.",https://ak-static.cms.nba.com/wp-content/uploads/referee-clips/0021801007_2162_DF%20BCAST_1509kbps.mp4,
CNC,Foul: Loose Ball,affecting,clamps,arm,Davis (LAL) briefly clamps Nurkic's (PHX) arm and releases as he goes to grab the rebound.,https://ak-static.cms.nba.com/wp-content/uploads/referee-clips/0022400111_2131_DF%20BCAST_1509kbps.mp4,
CNC,Foul: Loose Ball,affecting,delivers contact,arm,Carter Jr. (ORL) rests his hand on Brissett (IND) as Hield (IND) extends his arms and delivers contact to his teammate Brissett's back during the rebound.,https://ak-static.cms.nba.com/wp-content/uploads/referee-clips/0022100933_2217_DF%20BCAST_1509kbps.mp4,
CNC,Foul: Personal,affecting,lose control,arm,"Drummond (PHI) slides his hand across Morant's (MEM) arm, causing Morant to momentarily lose control of the ball, which he quickly recovers.",https://ak-static.cms.nba.com/wp-content/uploads/referee-clips/0022100761_2147_DF%20BCAST_1509kbps.mp4,
CNC,Foul: Personal,affecting,lose control,arm,"LLB shows Ariza (WAS) makes contact to Collison's (IND) arm that causes Collison to momentarily lose control of the ball, and he quickly regains possession.",https://ak-static.cms.nba.com/wp-content/uploads/referee-clips/0021800886_1128_DF%20BCAST_1509kbps.mp4,
CNC,Foul: Personal,affecting,lose possession,ball,Podziemski (GSW) makes contact to the ball to cause Williams (OKC) to lose possession.,https://ak-static.cms.nba.com/wp-content/uploads/referee-clips/0022500920_2095_DF%20BCAST_1509kbps.mp4,
CNC,Foul: Offensive,affecting,causes him to fall,lower_body,"Griffin (DET) incidentally steps on Drummond's (CLE) foot while trying to defend, which causes him to fall to the ground.",https://ak-static.cms.nba.com/wp-content/uploads/referee-clips/0022000023_2186_DF%20BCAST_1509kbps.mp4,
CNC,Foul: Shooting,affecting,illegal contact,lower_body,There is no clear and conclusive video evidence that shows Sochan (SAS) makes illegal contact with Green (HOU) during his jump shot attempt.,https://ak-static.cms.nba.com/wp-content/uploads/referee-clips/0022400094_2164_DF%20BCAST_1509kbps.mp4,
CNC,Foul: Personal,affecting,grab,arm,"Marshall (DAL) and Butler III (GSW) grab each others' arms briefly, but both players are able to move freely.",https://ak-static.cms.nba.com/wp-content/uploads/referee-clips/0022400782_2161_DF%20BCAST_1509kbps.mp4,
CNC,Foul: Personal,affecting,sqbr,unstated,"White (CHI) reaches in towards Bogdanovic (LAC), who moves through the contact and his SQBR is unaffected.",https://ak-static.cms.nba.com/wp-content/uploads/referee-clips/0022400842_2126_DF%20BCAST_1509kbps.mp4,
CNC,Foul: Loose Ball,legal,engage and disengage,unstated,Hunter (ATL) and Eubanks (POR) briefly engage and disengage with one another during rebounding.,https://ak-static.cms.nba.com/wp-content/uploads/referee-clips/0022101021_2107_DF%20BCAST_1509kbps.mp4,
CNC,Foul: Shooting,legal,legally contests,lower_body,"Fontecchio (UTA) legally contests Cancar's (DEN) jump shot, making ""high-five"" contact after the ball is released.",https://ak-static.cms.nba.com/wp-content/uploads/referee-clips/0022201213_2092_DF%20BCAST_1509kbps.mp4,
CNC,Foul: Offensive,legal,establishes,unstated,Holiday (MIL) establishes himself in a screening position in Barnes' (TOR) path and absorbs the contact.,https://ak-static.cms.nba.com/wp-content/uploads/referee-clips/0022100329_2198_DF%20BCAST_1509kbps.mp4,
CNC,Foul: Shooting,legal,legally contests,lower_body,"Holmgren (OKC) legally contests Jokic's (DEN) jump shot, making ""high-five"" contact after the ball is released.",https://ak-static.cms.nba.com/wp-content/uploads/referee-clips/0022300340_2158_DF%20BCAST_1509kbps.mp4,
CNC,Foul: Loose Ball,legal,engage and disengage,unstated,Davis (LAL) and Williamson (NOP) engage and disengage with one another during rebounding.,https://ak-static.cms.nba.com/wp-content/uploads/referee-clips/0022200117_2197_DF%20BCAST_1509kbps.mp4,
CNC,Foul: Loose Ball,legal,cleanly,ball,Claxton (BKN) cleanly deflects the ball away from Williams Jr. (MEM) as they pursue the rebound.,https://ak-static.cms.nba.com/wp-content/uploads/referee-clips/0022300879_2074_DF%20BCAST_1509kbps.mp4,
CNC,Foul: Shooting,legal,legal guarding position,lower_body,Mitchell (UTA) maintains a legal guarding position during Knight's (DET) jump shot attempt.,https://ak-static.cms.nba.com/wp-content/uploads/referee-clips/0021900941_2176_DF%20BCAST_1509kbps.mp4,
CNC,Foul: Shooting,legal,legally contests,lower_body,Minott (BOS) legally contests Edgecombe's (PHI) jump shot attempt.,https://ak-static.cms.nba.com/wp-content/uploads/referee-clips/0022500021_2099_DF%20BCAST_1509kbps.mp4,
CNC,Foul: Personal,legal,legal guarding position,lower_body,Biyombo (CHA) maintains a legal guarding position on Robinson (MIA) off ball and cleanly deflects the pass out of bounds.,https://ak-static.cms.nba.com/wp-content/uploads/referee-clips/0022000686_2096_DF%20BCAST_1509kbps.mp4,
CNC,Foul: Offensive,legal,establishes,lower_body,Adams (OKC) establishes himself in a legal picking position in Washington's (CHA) path.,https://ak-static.cms.nba.com/wp-content/uploads/referee-clips/0021900467_2185_DF%20BCAST_1509kbps.mp4,
CNC,Foul: Offensive,unclear,,unstated,Adebayo (MIA) is already in Brown's (BOS) path as he sets the pick and is firming up when contact occurs.,https://ak-static.cms.nba.com/wp-content/uploads/referee-clips/0042100307_2225_DF%20BCAST_1509kbps.mp4,
CNC,Foul: Shooting,unclear,,lower_body,Martin (TOR) makes legal contact to Edgecombe's (PHI) hand after he released the ball on his shot attempt.,https://ak-static.cms.nba.com/wp-content/uploads/referee-clips/0022500550_2164_DF%20BCAST_1509kbps.mp4,
CNC,Foul: Loose Ball,unclear,,ball,Murray-Boyles (TOR) deflects the ball away from Bona (PHI) as they pursue the rebound.,https://ak-static.cms.nba.com/wp-content/uploads/referee-clips/0022500550_2168_DF%20BCAST_1509kbps.mp4,
CNC,Foul: Shooting,unclear,,hand,Mills (BKN) applies his left hand to Morris' (WAS) side and immediately removes his hand as Morris begins his upward shooting motion.,https://ak-static.cms.nba.com/wp-content/uploads/referee-clips/0022200793_2112_DF%20BCAST_1509kbps.mp4,
CNC,Foul: Loose Ball,unclear,,body,Kanter (POR) makes some contact to Barton's (DEN) back during the rebound but does not affect his ability to retrieve the ball.,https://ak-static.cms.nba.com/wp-content/uploads/referee-clips/0041800233_2467_DF%20BCAST_1509kbps.mp4,
CNC,Foul: Shooting,unclear,,arm,Barnes (TOR) has his forearm rested on Butler's (MIA) left side and does not apply any force as Butler fades away during his upward shooting motion.,https://ak-static.cms.nba.com/wp-content/uploads/referee-clips/0022100662_2102_DF%20BCAST_1509kbps.mp4,
CNC,Foul: Offensive,unclear,,unstated,Doncic (DAL) stops short and releases contact from Holiday (NOP) without pushing off.,https://ak-static.cms.nba.com/wp-content/uploads/referee-clips/0021900923_2182_DF%20BCAST_1509kbps.mp4,
CNC,Foul: Shooting,unclear,,hand,Tucker (HOU) places his hand to Lillard's (POR) front while defending his drive to the basket and removes it prior to the start of his upward shooting motion.,https://ak-static.cms.nba.com/wp-content/uploads/referee-clips/0022000029_2276_DF%20BCAST_1509kbps.mp4,
CNC,Foul: Personal,unclear,,hand,Duren (DET) places a hand to Towns' (NYK) front after being drawn toward him during the pump fake but the contact does not affect Towns' SQBR.,https://ak-static.cms.nba.com/wp-content/uploads/referee-clips/0042400124_2228_DF%20BCAST_1509kbps.mp4,
CNC,Foul: Personal,unclear,,unstated,White (CHI) releases away from Williams (UTA) as they separate during the pick.,https://ak-static.cms.nba.com/wp-content/uploads/referee-clips/0022500573_2100_DF%20BCAST_1509kbps.mp4,
INC,Foul: Shooting,none,does not make contact,arm,"Sexton (CLE) does not make contact with Lillard's (POR) arm. However, Mobley (CLE) swipes down and makes contact to Lillard's arm during his driving shot attempt.",https://ak-static.cms.nba.com/wp-content/uploads/referee-clips/0022100108_2253_DF%20BCAST_1509kbps.mp4,
INC,Foul: Shooting,none,does not make contact,body,"Nunn (MIA) initially moves along Brunson's (DAL) path. When Brunson stops and pump fakes, he draws Nunn towards him, resulting in body contact that occurs during Brunson's upward shooting motion.  Herro (MIA) does not make contact.",https://ak-static.cms.nba.com/wp-content/uploads/referee-clips/0021900384_2167_DF%20BCAST_1509kbps.mp4,
INC,Foul: Offensive,marginal,marginal,arm,"Suggs (ORL) extend his off-arm into Okogie's (PHX) head/face, initiating more-than-marginal contact.",https://ak-static.cms.nba.com/wp-content/uploads/referee-clips/0022400352_2095_DF%20BCAST_1509kbps.mp4,
INC,Foul: Shooting,marginal,grazes,arm,"After Collins (ATL) grazes the ball without dislodging it, he makes further contact to Randle's (NYK) arm that affects his driving shot attempt.",https://ak-static.cms.nba.com/wp-content/uploads/referee-clips/0021900787_2221_DF%20BCAST_1509kbps.mp4,
INC,Foul: Offensive,marginal,marginal,unstated,"Niang (ATL) re-adjusts his path and delivers contact to Mitchell (MIA), dislodging him from his defensive position. Any contact by Highsmith (MIA) on the play is marginal.",https://ak-static.cms.nba.com/wp-content/uploads/referee-clips/0052400201_2211_DF%20BCAST_1509kbps.mp4,
INC,Foul: Shooting,marginal,marginal,lower_body,"Ball (CHI) does not get up to ball height and initiates contact with Grant's (DET) right forearm that affects his jump shot attempt. On his follow through Grant turns and extends his right leg, which connects with Ball. The contact is marginal.",https://ak-static.cms.nba.com/wp-content/uploads/referee-clips/0022100004_2149_DF%20BCAST_1509kbps.mp4,
INC,Foul: Personal,marginal,marginal,arm,"Ariza (MIA) makes contact to Rozier's (CHA) arm and pulls it away from the ball, which affects his ability to cleanly retrieve the inbounds pass. After Rozier gains possession, any contact with Ariza and Iguodala (MIA) before they dislodge the ball out of bounds is deemed marginal.",https://ak-static.cms.nba.com/wp-content/uploads/referee-clips/0022000686_2103_DF%20BCAST_1509kbps.mp4,
INC,Foul: Shooting,marginal,incidental,head,"Smart (BOS) moves into and makes contact with Griffin's (BKN) body, who jumps straight up, which affects his jump shot attempt. Any contact with Smart's face is deemed incidental as Griffin has a natural shooting motion and is a result of Smart crowding Griffin.",https://ak-static.cms.nba.com/wp-content/uploads/referee-clips/0022000899_2304_DF%20BCAST_1509kbps.mp4,
INC,Foul: Shooting,marginal,marginal,arm,"Kleber (DAL) initially makes marginal body contact with Adebayo (MIA), but as Kleber reaches with his arm to contest, he makes contact with Adebayo's forearm that affects his shot attempt.",https://ak-static.cms.nba.com/wp-content/uploads/referee-clips/0021900384_2158_DF%20BCAST_1509kbps.mp4,
INC,Foul: Shooting,marginal,marginal,lower_body,"Barnes (SAC) does not maintain a legal position on LeVert?s (IND) drive and a foul call is warranted.  Mitchell (SAC) makes marginal contact with LeVert at the end of the drive, and King (SAC) beats LeVert to the spot.",https://ak-static.cms.nba.com/wp-content/uploads/referee-clips/0022100143_2091_DF%20BCAST_1509kbps.mp4,
INC,Foul: Offensive,affecting,affects,lower_body,Whiteside (POR) is late to the spot and delivers leg to leg contact which affects Hollis-Jefferson's (TOR) ability to defend.,https://ak-static.cms.nba.com/wp-content/uploads/referee-clips/0021900549_2181_DF%20BCAST_1509kbps.mp4,
INC,Foul: Personal,affecting,grabs,ball,"Graham (MIN) grabs and holds Harris (BKN) off ball, affecting his FOM.",https://ak-static.cms.nba.com/wp-content/uploads/referee-clips/0021900006_2258_DF%20BCAST_1509kbps.mp4,
INC,Foul: Shooting,affecting,affects,body,Lyles (SAS) moves A to B into Beasley (MIN) and makes body contact that affects his driving shot attempt.,https://ak-static.cms.nba.com/wp-content/uploads/referee-clips/0022000334_2109_DF%20BCAST_1509kbps.mp4,
INC,Foul: Loose Ball,affecting,clamps,arm,"Collins (UTA) clamps and holds Siakam's (IND) arm, affecting his ability to get to the rebound.",https://ak-static.cms.nba.com/wp-content/uploads/referee-clips/0022400707_2209_DF%20BCAST_1509kbps.mp4,
INC,Foul: Shooting,affecting,affects,arm,Niang (UTA) makes contact with Wallace's (LAC) arm and affects his driving shot attempt.,https://ak-static.cms.nba.com/wp-content/uploads/referee-clips/0021801229_2168_DF%20BCAST_1509kbps.mp4,
INC,Foul: Personal,affecting,initiates contact,arm,"Green (DET) reaches in and initiates contact with Leonard's (LAC) wrist that pulls his hand off the ball, causing him to lose control of the ball.",https://ak-static.cms.nba.com/wp-content/uploads/referee-clips/0022500544_2145_DF%20BCAST_1509kbps.mp4,
INC,Foul: Loose Ball,affecting,initiates contact,arm,Lowry (MIA) initiates contact to Watanabe's (BKN) arm and the contact affects his ability to gather the loose ball.,https://ak-static.cms.nba.com/wp-content/uploads/referee-clips/0022200599_2147_DF%20BCAST_1509kbps.mp4,
INC,Foul: Loose Ball,affecting,grabs,arm,"Carter Jr. (ORL) grabs and holds Antetokounmpo's (MIL) right arm, which affects his ability to get to the ball during jump ball.",https://ak-static.cms.nba.com/wp-content/uploads/referee-clips/0022400526_2092_DF%20BCAST_1509kbps.mp4,
INC,Foul: Shooting,affecting,initiates contact,arm,"Allen (CLE) brings his arm down and initiates contact with Bridges' (PHX) arm, which affects his driving shot attempt.",https://ak-static.cms.nba.com/wp-content/uploads/referee-clips/0022200565_2145_DF%20BCAST_1509kbps.mp4,
INC,Foul: Shooting,affecting,grabs,unstated,Jackson Jr. (MEM) grabs and pulls Barrett's (NYK) jersey prior to the blocked shot and the contact affects his shot attempt at the rim.,https://ak-static.cms.nba.com/wp-content/uploads/referee-clips/0022101000_2079_DF%20BCAST_1509kbps.mp4,
INC,Foul: Offensive,legal,establishes,lower_body,Kuminga (GSW) establishes a wide screening position in Alexander-Walker's (UTA) path and contact occurs to his leg.,https://ak-static.cms.nba.com/wp-content/uploads/referee-clips/0022200372_2099_DF%20BCAST_1509kbps.mp4,
INC,Foul: Offensive,legal,establishes,lower_body,Tucker (PHI) establishes a legal guarding position in Morant's (MEM) path before his upward motion and absorbs contact when it occurs.,https://ak-static.cms.nba.com/wp-content/uploads/referee-clips/0022200889_2151_DF%20BCAST_1509kbps.mp4,
INC,Foul: Shooting,legal,legal guarding position,lower_body,"MOB shows Bryant (WAS) does not maintain legal guarding position, and he makes contact to Lemon Jr.'s (CHI) arm as he defends the shot near the rim.",https://ak-static.cms.nba.com/wp-content/uploads/referee-clips/0021801167_2181_DF%20BCAST_1509kbps.mp4,
INC,Foul: Offensive,legal,establishes,lower_body,Horford (BOS) establishes a wide screening position in Langford's (SAS) path and contact occurs to his foot.,https://ak-static.cms.nba.com/wp-content/uploads/referee-clips/0022200591_2142_DF%20BCAST_1509kbps.mp4,
INC,Foul: Offensive,legal,firms up,lower_body,"At the end of the drive, Dozier (DEN) firms up on his left foot and establishes himself in a legal guarding position when Durant (BKN) goes through him as he releases his pass.",https://ak-static.cms.nba.com/wp-content/uploads/referee-clips/0022000158_2156_DF%20BCAST_1509kbps.mp4,
INC,Foul: Shooting,legal,verticality,arm,Collins (SAS) does not maintain verticality and makes contact with Mitchell's (CLE) arm as he defends the shot near the rim.,https://ak-static.cms.nba.com/wp-content/uploads/referee-clips/0022200406_2133_DF%20BCAST_1509kbps.mp4,
INC,Foul: Offensive,legal,establishes,lower_body,Embiid (PHI) establishes a wide screening position in Watson's (DEN) path and the contact occurs to his leg.,https://ak-static.cms.nba.com/wp-content/uploads/referee-clips/0022500507_2138_DF%20BCAST_1509kbps.mp4,
INC,Foul: Offensive,legal,establish,unstated,Siakam (IND) is late to establish a screening position in White's (BOS) path and does not give him the time or distance to change direction and avoid the contact during the pick.,https://ak-static.cms.nba.com/wp-content/uploads/referee-clips/0022500559_2105_DF%20BCAST_1509kbps.mp4,
INC,Foul: Offensive,legal,establishes,lower_body,"Antetokounmpo (MIL) establishes a wide screening position in Craig's (CHI) path, and foot to foot contact occurs during the pick.",https://ak-static.cms.nba.com/wp-content/uploads/referee-clips/0022300300_2104_DF%20BCAST_1509kbps.mp4,
INC,Foul: Offensive,legal,established,unstated,Sabonis (IND) is not established in McCollum's (POR) path as he delivers contact during the pick.,https://ak-static.cms.nba.com/wp-content/uploads/referee-clips/0021900874_2147_DF%20BCAST_1509kbps.mp4,
INC,Foul: Shooting,unclear,,arm,Castle (SAS) makes contact with Edwards' (MIN) arm as he is starting his upward shooting motion.,https://ak-static.cms.nba.com/wp-content/uploads/referee-clips/0022500552_2094_DF%20BCAST_1509kbps.mp4,
INC,Foul: Away from Play,unclear,,unstated,RAR shows Morris (OKC) wraps Redick (PHI) during the inbound.,https://ak-static.cms.nba.com/wp-content/uploads/referee-clips/0021800927_1099_DF%20BCAST_1509kbps.mp4,
INC,Foul: Shooting,unclear,,arm,Rozier (CHA) reaches for the ball and makes contact with McDaniels' (MIN) arm after he has gathered.,https://ak-static.cms.nba.com/wp-content/uploads/referee-clips/0022300610_2116_DF%20BCAST_1509kbps.mp4,
INC,Foul: Personal,unclear,,hand,"Prior to the gather, Smith Jr. (CHA) reaches across and makes contact with Garland's (CLE) hand at the end of his drive.",https://ak-static.cms.nba.com/wp-content/uploads/referee-clips/0022201015_2090_DF%20BCAST_1509kbps.mp4,
INC,Foul: Shooting,unclear,,body,Drummond (BKN) moves into and makes contact with Bridges' (CHA) body while defending his drive to the basket and shot attempt.,https://ak-static.cms.nba.com/wp-content/uploads/referee-clips/0022101120_2089_DF%20BCAST_1509kbps.mp4,
INC,Foul: Offensive,unclear,,arm,Harden (HOU) brings his arm downward and to his left and makes contact to the top of Thompson's (GSW) head/neck area during his follow-through.,https://ak-static.cms.nba.com/wp-content/uploads/referee-clips/0041800224_2274_DF%20BCAST_1509kbps.mp4,
INC,Foul: Offensive,unclear,,lower_body,"Lawson (TOR) continues moving forwards into Sharpe (POR) after handing the ball off, delivering illegal body contact.",https://ak-static.cms.nba.com/wp-content/uploads/referee-clips/0022400980_2126_DF%20BCAST_1509kbps.mp4,
INC,Foul: Shooting,unclear,,arm,Brown (TOR) brings his hand down and makes contact with Avdija's (WAS) arm prior to Agbaji (TOR) making contact with the ball.,https://ak-static.cms.nba.com/wp-content/uploads/referee-clips/0022301022_2098_DF%20BCAST_1509kbps.mp4,
INC,Foul: Offensive,unclear,,lower_body,Holmes (SAC) is in a wide stance when the leg to leg contact with Harden (HOU) occurs during the screen.,https://ak-static.cms.nba.com/wp-content/uploads/referee-clips/0022000065_2173_DF%20BCAST_1509kbps.mp4,
INC,Foul: Shooting,unclear,,body,"Giddey (OKC) jumps toward Batum (LAC) to contest the jump shot attempt, causing lower-body contact to occur after Batum's release.",https://ak-static.cms.nba.com/wp-content/uploads/referee-clips/0022100444_2144_DF%20BCAST_1509kbps.mp4,
