official_pbp_name,official_name,mean_adj_fta36_delta,std_adj_fta36_delta,n_players,n_pairs,suppressor_score,mean_raw_fta36_delta,mean_adj_fta36_delta_rs,mean_adj_fta36_delta_po,rs_po_delta,n_players_rs,n_players_po,official_id,sf_per_game,sf_per_game_RS,sf_per_game_PO,sf_per_game_delta,total_games,total_sf,sf_pct_of_fouls,n_games
D.Jones,David Jones,-1.5131434991242516,3.291239626053875,2,2,0.5,-2.3173334134380594,,,,,,1168.0,2.217391304347826,2.217391304347826,0.0,-2.217391304347826,115.0,255.0,0.44519774011299434,116
D.Scott,Danielle Scott,-0.8559081821435536,1.1439887655196332,4,4,0.75,-0.5251862612315696,,,,,,1628487.0,5.657894736842105,5.657894736842105,0.0,-5.657894736842105,152.0,860.0,0.48244274809160304,152
A.Nagy,Andy Nagy,-0.7224104555349913,1.2621799919439554,15,15,0.7333333333333333,-0.3002351789130222,,,,,,1627534.0,7.400749063670412,7.400749063670412,0.0,-7.400749063670412,267.0,1976.0,0.5081270081270082,267
P.Ransom,Phenizee Ransom,-0.6638455146554562,1.1249212986739827,19,19,0.8421052631578947,-0.3475144473239912,,,,,,1627963.0,6.04953560371517,6.04953560371517,0.0,-6.04953560371517,323.0,1954.0,0.47527703477264044,323
E.Dalen,Eric Dalen,-0.6543291406055741,0.9289112328446493,20,20,0.75,-0.689199672809398,,,,,,200833.0,6.223076923076923,6.223076923076923,0.0,-6.223076923076923,520.0,3236.0,0.4849903879331592,520
B.Adair,Brandon Adair,-0.6392707552918618,1.170607887810537,20,20,0.8,-0.4401572271143975,,,,,,1627961.0,5.538461538461538,5.538461538461538,0.0,-5.538461538461538,325.0,1800.0,0.4925764192139738,325
A.Smith,Aaron Smith,-0.5138558620726477,0.7305125817975783,20,20,0.8,-0.4098842931066624,,,,,,1626302.0,5.900621118012422,5.900621118012422,0.0,-5.900621118012422,483.0,2850.0,0.482235091563625,484
J.Sterling,Jonathan Sterling,-0.4229891776171506,0.6959701953146298,18,18,0.7222222222222222,-0.2583123690188125,,,,,,1627964.0,5.688202247191011,5.688202247191011,0.0,-5.688202247191011,356.0,2025.0,0.4651872964169381,356
R.Acosta,Ray Acosta,-0.39982219183427614,1.006427727125246,20,20,0.75,-0.23933650486351327,-0.3892156242042429,-1.5993590101130644,-1.2101433859088215,20.0,1.0,1626300.0,6.691609977324263,6.691609977324263,0.0,-6.691609977324263,441.0,2951.0,0.48863764202947463,441
K.Scott,Kevin Scott,-0.36012858109996226,0.6636801655277222,20,20,0.8,-0.32065904177247506,-0.282702276499179,-2.1092020748141462,-1.8264997983149671,20.0,9.0,202041.0,5.45679012345679,5.627388535031847,0.1,-5.5273885350318475,648.0,3536.0,0.4684734513274336,629
M.Myers,Matt Myers,-0.3526208259479351,1.3296686113538712,17,17,0.47058823529411764,-0.022502268668532686,,,,,,202901.0,6.63448275862069,6.63448275862069,0.0,-6.63448275862069,290.0,1924.0,0.49013324337999664,290
J.Conley,John Conley,-0.3191243348425437,2.409500691030666,3,3,0.3333333333333333,0.2136203598753085,,,,,,1627519.0,5.954285714285715,5.954285714285715,0.0,-5.954285714285715,175.0,1042.0,0.48500707213578503,175
T.Maddox,Tre Maddox,-0.2996737677257613,0.6979585358684909,20,20,0.6,-0.3189785349187197,-0.35583283265783816,0.3437199518301016,0.6995527844879398,20.0,2.0,202027.0,5.7833622183708835,5.7833622183708835,0.0,-5.7833622183708835,577.0,3337.0,0.47136656693776074,579
T.Washington,Tom Washington,-0.29867544457855916,0.7181891535263967,20,20,0.55,-0.3971860267983408,-0.2880023074758019,0.6618068157148244,0.9498091231906263,20.0,5.0,1199.0,5.1975524475524475,5.28673835125448,1.6428571428571428,-3.6438812083973375,572.0,2973.0,0.46987480438184664,568
S.Anderson,Steve Anderson,-0.2977762093574594,4.062421337509642,2,2,0.5,-0.8671187650704884,,,,,,202000.0,4.1891891891891895,4.1891891891891895,0.0,-4.1891891891891895,148.0,620.0,0.45746388443017655,148
S.Foster,Scott Foster,-0.2815573738980629,0.5970176463597205,20,20,0.65,-0.33531816215098453,-0.31254924881593105,-0.4372962471261381,-0.12474699831020708,20.0,10.0,1162.0,6.004518072289157,6.283891547049442,1.2702702702702702,-5.013621276779172,664.0,3987.0,0.46369240021047886,638
J.Van Duyne,Justin Van Duyne,-0.27766416394289456,0.727296006399936,20,20,0.65,-0.2009773363883441,-0.27743188255228435,1.8975991213744492,2.1750310039267333,20.0,1.0,,,,,,,,0.459872201904915,613
M.Davis,Marc Davis,-0.2619577220399396,0.8074623927989868,20,20,0.65,-0.3292363376065041,-0.21770766038515346,-0.883753269298238,-0.6660456089130846,20.0,14.0,1830.0,5.338008415147265,5.615499254843517,0.9047619047619048,-4.710737350081612,713.0,3806.0,0.4861863796566491,681
J.Orr,J.T. Orr,-0.2583693172142237,0.8551260768759318,20,20,0.6,-0.23640278827063899,,,,,,202037.0,5.940966010733453,5.940966010733453,0.0,-5.940966010733453,559.0,3321.0,0.46268591995143316,560
S.Twardoski,Scott Twardoski,-0.22998193350177445,0.6170983565323505,20,20,0.65,-0.19583956228646782,,,,,,202053.0,5.821666666666666,5.821666666666666,0.0,-5.821666666666666,600.0,3493.0,0.46934486521440405,600
K.Cutler,Kevin Cutler,-0.22356138883947355,0.9462242722761329,20,20,0.65,-0.20197906165921875,,,,,,201246.0,5.299840510366826,5.353796445880453,1.125,-4.228796445880453,627.0,3323.0,0.46754445827144636,620
R.Garretson,Ron Garretson,-0.2009337450510585,1.641453661567496,13,13,0.46153846153846156,-0.6730200275234615,-0.42410829652083093,0.5850119410426277,1.0091202375634585,16.0,4.0,1164.0,4.251612903225807,4.3879598662207355,0.5454545454545454,-3.84250532076619,310.0,1318.0,0.4422021310946077,310
J.Goble,John Goble,-0.1761422885182449,0.3888861668365969,20,20,0.65,-0.15007254827097122,-0.22573443988944905,0.20570429714681254,0.43143873703626157,20.0,15.0,101284.0,5.899647887323944,6.064486830154405,0.7142857142857143,-5.350201115868691,1136.0,6702.0,0.4703099331946118,1106
B.Barnaky,Brent Barnaky,-0.15641378135126183,0.8110167421145439,20,20,0.6,-0.14895306142141515,-0.174692140375251,0.16919866465592137,0.34389080503117236,20.0,2.0,201638.0,5.806835066864784,5.806835066864784,0.0,-5.806835066864784,673.0,3908.0,0.48027028035987607,674
C.Blair,Curtis Blair,-0.15338521853253234,0.7684842543537065,20,20,0.6,-0.11873799175720035,-0.1605671638661677,-1.2539634307427783,-1.0933962668766106,20.0,2.0,200832.0,5.537634408602151,5.6645669291338585,0.5,-5.1645669291338585,651.0,3605.0,0.4705311383755241,636
C.Washington,CJ Washington,-0.14895774719851318,1.121412090867819,20,20,0.55,0.009426334296808591,,,,,,202056.0,7.138014527845036,7.138014527845036,0.0,-7.138014527845036,413.0,2948.0,0.4814706910616478,413
M.Dagher,Mousa Dagher,-0.14786874119562024,1.6561339274811662,19,19,0.631578947368421,0.1890499031184307,,,,,,1628159.0,6.292929292929293,6.292929292929293,0.0,-6.292929292929293,297.0,1869.0,0.4843064182194617,297
S.Wall,Scott Wall,-0.1444518082812311,1.0860144783459416,20,20,0.5,-0.24995218009586168,,,,,,1198.0,6.2413087934560325,6.2413087934560325,0.0,-6.2413087934560325,489.0,3052.0,0.467587303164274,489
D.Collins,Derrick Collins,-0.13910266171160607,0.8625080926572464,20,20,0.6,-0.2294796640432401,,,,,,2002.0,5.347386172006745,5.347386172006745,0.0,-5.347386172006745,593.0,3171.0,0.46953285098908454,593
B.Taylor,Ben Taylor,-0.12443428405781545,0.6336043263608225,20,20,0.55,-0.13482062455954774,-0.11843514922446471,-0.5450887667708451,-0.4266536175463803,20.0,8.0,202049.0,5.795665634674923,5.950320512820513,1.4090909090909092,-4.541229603729604,646.0,3744.0,0.4586312563840654,629
J.Schroeder,Jenna Schroeder,-0.10459288994970738,1.6042584275981444,12,12,0.3333333333333333,0.24073219687291358,,,,,,1628954.0,6.4425531914893615,6.4425531914893615,0.0,-6.4425531914893615,235.0,1514.0,0.5033307851916566,235
E.Malloy,Ed Malloy,-0.10273364153626305,0.7841117985203981,20,20,0.5,-0.1461997148320837,-0.1164622608159392,0.444797459536259,0.5612597203521982,20.0,5.0,2530.0,5.38828967642527,5.526984126984127,0.7894736842105263,-4.7375104427736,649.0,3497.0,0.4779283563163734,633
N.Green,Nate Green,-0.10158666252457772,1.6072912865350897,14,14,0.5714285714285714,0.20008112337848405,,,,,,1627524.0,6.533613445378151,6.533613445378151,0.0,-6.533613445378151,238.0,1555.0,0.49179624664879357,238
L.Holtkamp,Lauren Holtkamp,-0.08275632553247048,0.9754099391794993,17,17,0.5294117647058824,-0.1953897766595082,,,,,,203177.0,5.961748633879782,5.961748633879782,0.0,-5.961748633879782,366.0,2182.0,0.4746304434678386,366
D.Richardson,Derek Richardson,-0.07167551323944366,0.7010160375723168,20,20,0.4,-0.08025788434527015,,,,,,1204.0,5.47117296222664,5.47117296222664,0.0,-5.47117296222664,503.0,2752.0,0.46028174525533166,503
N.Sago,Natalie Sago,-0.04443131744278289,1.3204567046050655,20,20,0.5,0.2568381216274903,,,,,,1627541.0,6.407202216066482,6.407202216066482,0.0,-6.407202216066482,361.0,2313.0,0.4993817832119797,361
D.Mosher,Dannica Mosher,-0.038540624950522295,,1,1,1.0,0.38808757107220515,,,,,,1628484.0,6.049019607843137,6.049019607843137,0.0,-6.049019607843137,102.0,617.0,0.5059119496855345,102
J.Williams,James Williams,0.0022706157353263425,0.6471134665209978,20,20,0.3,0.030483315208702,0.03189116413939725,-0.34839293916047875,-0.380284103299876,20.0,5.0,202058.0,5.325581395348837,5.459701492537313,0.3333333333333333,-5.12636815920398,688.0,3664.0,0.4647592463363573,671
B.Nansel,Brett Nansel,0.014378403285717805,0.731205897507317,20,20,0.6,0.19671953536006054,,,,,,202035.0,7.332558139534884,7.332558139534884,0.0,-7.332558139534884,430.0,3153.0,0.4904550435434569,430
J.Capers,James Capers,0.018487842918656454,0.6026926798063522,20,20,0.45,-0.06972881508687193,0.05013618623907257,-0.5274069154908736,-0.5775431017299462,20.0,11.0,1148.0,5.333881578947368,5.5625,1.21875,-4.34375,608.0,3243.0,0.4595978211901544,584
R.Mott,Rodney Mott,0.022893870984659944,0.6557773792279137,20,20,0.55,0.041450334597425774,0.01919447382942809,0.040675792993855465,0.021481319164427377,20.0,3.0,1179.0,5.820754716981132,5.907869481765835,0.7777777777777778,-5.130091703988057,530.0,3085.0,0.4561916701490458,523
N.Buchert,Nick Buchert,0.026164003860569784,0.6631689479539913,20,20,0.45,0.004597476828296587,0.03172715174179193,-0.5797723947234625,-0.6114995464652545,20.0,2.0,202007.0,5.812778603268945,5.913636363636364,0.6923076923076923,-5.2213286713286715,673.0,3912.0,0.4591646227623824,661
B.Forte,Brian Forte,0.0463521464158768,0.5893579138564835,20,20,0.45,0.04946893016772451,0.011711430566209999,0.07854768880761734,0.06683625824140733,20.0,4.0,101283.0,5.441520467836257,5.441520467836257,0.0,-5.441520467836257,684.0,3722.0,0.46932259351982875,685
S.Mehta,Suyash Mehta,0.05023546927143802,1.5127392260259869,11,11,0.2727272727272727,0.35907626787045516,,,,,,1627529.0,6.928909952606635,6.928909952606635,0.0,-6.928909952606635,211.0,1462.0,0.5095668505693156,211
M.Callahan,Mike Callahan,0.05366593464561913,1.3680321244258553,15,15,0.4,-0.42689075416731465,-0.49757293945755043,-0.0913533523371069,0.40621958712044354,19.0,6.0,1147.0,4.710610932475884,4.914965986394558,1.1764705882352942,-3.7384953981592632,311.0,1465.0,0.44951825763096104,304
S.Corbin,Sean Corbin,0.061224042447795,0.892202083514358,20,20,0.55,0.06990925015453334,0.03849279558210863,-0.7110115517270896,-0.7495043473091982,20.0,4.0,1151.0,5.843033509700176,5.945750452079566,1.7857142857142858,-4.1600361663652805,567.0,3313.0,0.4613150250858199,556
L.Wood,Leon Wood,0.06634627545401856,0.970151074802218,20,20,0.5,-0.03869535213648323,,,,,,1201.0,5.0572597137014315,5.0572597137014315,0.0,-5.0572597137014315,489.0,2473.0,0.44786647459142614,489
J.Butler,John Butler,0.06731575471986516,1.3980391653667945,17,17,0.47058823529411764,0.39494197616849885,,,,,,1628951.0,6.328671328671328,6.328671328671328,0.0,-6.328671328671328,286.0,1810.0,0.5029554003224073,286
A.Moyer-Gleich,Ashley Moyer-Gleich,0.06913006112098774,1.6078611987790639,13,13,0.38461538461538464,0.3312040026247348,,,,,,,,,,,,,0.5073513967653854,238
P.Fraher,Pat Fraher,0.08023318929812576,0.7787866135884871,20,20,0.45,0.04592561712615384,0.07833900328059924,1.4955013998202393,1.41716239653964,20.0,5.0,2003.0,5.995433789954338,6.169544740973312,0.45,-5.719544740973312,657.0,3939.0,0.4884633312616532,640
T.Brown,Tony Brown,0.09973902391525119,1.4231147479866206,16,16,0.4375,-0.20217913988198288,,,,,,2529.0,5.438287153652393,5.450381679389313,4.25,-1.200381679389313,397.0,2159.0,0.44788087056128295,395
C.Flores,Che Flores,0.10728895579578546,,1,1,0.0,0.5743786504522763,,,,,,203054.0,6.792792792792793,6.792792792792793,0.0,-6.792792792792793,111.0,754.0,0.5146587265231333,111
S.Wright,Sean Wright,0.11261957743592448,0.5000603366214302,20,20,0.45,0.10768299407240704,0.10184564208905708,-0.12029757115381656,-0.22214321324287364,20.0,11.0,2882.0,6.3076923076923075,6.588509316770186,0.65625,-5.932259316770186,676.0,4264.0,0.46875801663795946,649
J.Tiven,Josh Tiven,0.12498483789535564,0.8839898258495017,20,20,0.55,0.14381605007678935,0.0960894020458847,0.7431651780545616,0.6470757760086769,20.0,12.0,201639.0,5.929166666666666,6.145953757225434,0.5714285714285714,-5.574525185796863,720.0,4269.0,0.4793267862226018,694
M.Smith,Michael Smith,0.13199451334943163,0.7280496666589263,20,20,0.35,0.11914188599240438,,,,,,1193.0,6.182579564489112,6.251273344651953,1.125,-5.126273344651953,597.0,3691.0,0.4588928528480378,592
C.Kirkland,Courtney Kirkland,0.1333579512052361,0.5259709330291663,20,20,0.35,0.1440703577355566,0.10523773120070365,1.4687975252326972,1.3635597940319937,20.0,5.0,2004.0,5.86085626911315,6.00314465408805,0.8333333333333334,-5.169811320754717,654.0,3833.0,0.4689437406138088,638
B.Kennedy,Bill Kennedy,0.15676021374845953,1.1054021611391278,20,20,0.5,0.17316510267506185,0.15031068205541592,0.016848490543423904,-0.133462191511992,20.0,7.0,1662.0,5.102608695652174,5.236983842010772,0.9444444444444444,-4.292539397566327,575.0,2934.0,0.4755422850619127,561
K.Fitzgerald,Kane Fitzgerald,0.15938119561138078,0.9606368039237986,19,19,0.47368421052631576,-0.09876205322134138,-0.09150851603881001,-0.09276345307528722,-0.0012549370364772078,20.0,1.0,201640.0,5.210416666666666,5.347639484978541,0.6428571428571429,-4.704782342121398,480.0,2501.0,0.44294595407600523,468
T.Brothers,Tony Brothers,0.17347012097099673,0.7233274084796661,20,20,0.45,0.14925099702612718,0.16072736557841874,0.47918477223184613,0.31845740665342737,20.0,12.0,1146.0,5.922627737226278,6.241486068111455,0.6410256410256411,-5.600460427085814,685.0,4057.0,0.46967534131254346,655
M.Lindsay,Mark Lindsay,0.2011236735111074,0.8429492801911028,20,20,0.25,0.17329398051150105,0.18831640315286624,-0.17723847092339032,-0.36555487407625653,20.0,5.0,200834.0,5.781446540880503,5.8953301127214175,1.0666666666666667,-4.828663446054751,636.0,3677.0,0.47192021900664843,623
D.Guthrie,David Guthrie,0.20775616104502698,0.6528335919874112,20,20,0.35,0.1558785235778691,0.2379960645654977,-0.39494183243327896,-0.6329378969987767,20.0,13.0,2714.0,5.237479806138934,5.517948717948718,0.4117647058823529,-5.106184012066365,619.0,3242.0,0.46225165562913906,587
G.Petraitis,Gediminas Petraitis,0.22217986492132188,0.8400518356510924,20,20,0.4,0.27906782563712973,0.2583038411660759,1.5566469400843173,1.2983430989182414,20.0,2.0,204058.0,6.270903010033445,6.270903010033445,0.0,-6.270903010033445,598.0,3750.0,0.47321793092185843,600
T.Ford,Tyler Ford,0.2397055471979898,0.7693557495346882,20,20,0.4,0.2943413824740693,0.2460682535917873,-1.4730766647726439,-1.7191449183644312,20.0,6.0,204059.0,6.961102106969205,7.126878130217029,1.4444444444444444,-5.682433685772584,617.0,4295.0,0.47892007442302365,602
J.DeRosa,JB DeRosa,0.24514456797144707,1.0369149118990784,20,20,0.4,0.3929402649934232,,,,,,1155.0,6.866822429906542,6.988095238095238,0.5,-6.488095238095238,428.0,2939.0,0.48266806722689076,422
M.Kogut,Marat Kogut,0.25364390483739613,0.7524642722634517,20,20,0.3,0.24322696950917194,,,,,,201245.0,5.9838969404186795,5.9838969404186795,0.0,-5.9838969404186795,621.0,3716.0,0.4631485278755755,621
D.Crawford,Dan Crawford,0.27872346746441257,1.8263748076770414,10,10,0.5,-0.35153768044047695,0.5834447091822482,-1.1803505742509857,-1.7637952834332338,12.0,1.0,1152.0,3.952127659574468,4.094444444444444,0.75,-3.344444444444444,188.0,743.0,0.4460327868852459,188
K.Lane,Karl Lane,0.2871242516056358,0.6500145538293174,20,20,0.25,0.2852272046949419,0.2837480237071646,3.7817146992048403,3.4979666754976755,20.0,1.0,202026.0,5.591805766312595,5.591805766312595,0.0,-5.591805766312595,659.0,3685.0,0.4684584629053754,659
K.Mauer,Ken Mauer,0.2918681737366696,1.3816113343759808,16,16,0.375,0.03540539434022372,0.08629237233388387,2.144661416180528,2.058369043846644,20.0,4.0,1174.0,5.6414634146341465,5.7468671679198,1.8181818181818181,-3.9286853497379814,410.0,2313.0,0.4612412460758271,403
J.Phillips,Jason Phillips,0.3291029183302556,1.0795484461648663,12,12,0.3333333333333333,-0.14657494605238497,-0.13373163190446496,-0.7338224506259516,-0.6000908187214866,17.0,3.0,2001.0,4.2981132075471695,4.425196850393701,1.3636363636363635,-3.0615604867573376,265.0,1139.0,0.45715901592987085,260
M.Ervin,Mitchell Ervin,0.33295621326912933,1.0601684579838,20,20,0.5,0.42936621963684474,0.2978847509990855,-1.1441449250781868,-1.4420296760772722,20.0,1.0,203591.0,6.919014084507042,6.919014084507042,0.0,-6.919014084507042,568.0,3930.0,0.4773542138883165,569
B.Adams,Bennie Adams,0.3343426171675142,1.8009686148463564,12,12,0.5,-0.010095008333609176,,,,,,1363.0,4.9288025889967635,4.922077922077922,7.0,2.0779220779220777,309.0,1523.0,0.4376692718409038,309
D.Stafford,Derrick Stafford,0.35124071098719756,1.3402588115316536,11,11,0.36363636363636365,-0.18412308701804478,0.21741656663316766,0.5826634702093435,0.36524690357617584,13.0,3.0,1195.0,4.609756097560975,4.595833333333333,5.166666666666667,0.5708333333333337,246.0,1134.0,0.45712535728868925,246
Z.Zarba,Zach Zarba,0.3811859461385655,0.6708493891612453,20,20,0.3,0.34750111156841146,0.3240790501059535,0.717558648719848,0.3934795986138945,20.0,13.0,2534.0,5.360056258790436,5.638392857142857,0.5641025641025641,-5.074290293040293,711.0,3811.0,0.46716848759454815,679
J.Goldenberg,Jason Goldenberg,0.38313878036973953,1.2065871159636166,20,20,0.35,0.5631334531717846,,,,,,1626301.0,6.806818181818182,6.806818181818182,0.0,-6.806818181818182,352.0,2396.0,0.48497972090465385,352
E.Lewis,Eric Lewis,0.4026456858890722,0.8006425520390792,20,20,0.25,0.24164037716893966,0.33351703908298563,0.0698334206919015,-0.2636836183910841,20.0,9.0,2715.0,5.608465608465608,5.769797421731123,1.9583333333333333,-3.8114640883977904,567.0,3180.0,0.4524975514201763,552
B.Schwab,Brandon Schwab,0.40691176025270953,2.0448240396505577,6,6,0.5,0.8888702229479003,,,,,,1628171.0,7.097297297297297,7.097297297297297,0.0,-7.097297297297297,185.0,1313.0,0.5200661977658254,185
L.Richardson,Leroy Richardson,0.4151708176875938,1.3446857956666807,16,16,0.3125,0.07597302343117857,,,,,,1188.0,5.684065934065934,5.684065934065934,0.0,-5.684065934065934,364.0,2069.0,0.4605988182964881,364
M.Boland,Matt Boland,0.42736742952315476,0.7509016897465386,20,20,0.25,0.3817580954533918,,,,,,2005.0,5.17741935483871,5.17741935483871,0.0,-5.17741935483871,558.0,2889.0,0.45519234086596516,558
M.Ayotte,Mark Ayotte,0.46643086308543313,1.0334203022510255,17,17,0.29411764705882354,0.19072213886516756,,,,,,2148.0,5.443902439024391,5.443902439024391,0.0,-5.443902439024391,410.0,2232.0,0.45352879823849807,410
G.Zielinski,Gary Zielinski,0.5235948417544709,1.437517255544339,11,11,0.36363636363636365,0.021811825026088926,,,,,,1664.0,4.345991561181434,4.345991561181434,0.0,-4.345991561181434,237.0,1030.0,0.440447400241838,238
D.Taylor,Dedric Taylor,0.534178457183589,0.8358133342719261,20,20,0.25,0.5247748861493313,,,,,,203592.0,6.247440273037543,6.247440273037543,0.0,-6.247440273037543,586.0,3661.0,0.4773860991020951,586
R.Hussey,Robert Hussey,0.6117521888214064,2.1351436062214026,4,4,0.5,1.0241416620071513,,,,,,1628480.0,6.993243243243243,6.993243243243243,0.0,-6.993243243243243,148.0,1035.0,0.5154085872576177,148
E.Scott,Evan Scott,0.6342404102734134,1.499990506556591,14,14,0.35714285714285715,0.9161410350974919,,,,,,1628172.0,6.570866141732283,6.570866141732283,0.0,-6.570866141732283,254.0,1669.0,0.4977227722772277,254
H.Workman,Haywoode Workman,0.8731376164341406,0.9452194208008287,12,12,0.25,0.573914427609342,,,,,,201637.0,5.0246913580246915,5.0246913580246915,0.0,-5.0246913580246915,324.0,1628.0,0.4549481904189818,324
E.Roe,Eli Roe,0.9621219395581667,,1,1,0.0,0.262064776027052,,,,,,2532.0,2.793103448275862,2.793103448275862,0.0,-2.793103448275862,116.0,324.0,0.4455882352941177,116
M.McCutchen,Monty McCutchen,1.1196852939017194,1.27789437073202,10,10,0.2,0.4501410888238434,0.7544799676840018,1.063133924854333,0.3086539571703312,12.0,3.0,1176.0,3.8727272727272726,3.9107981220657275,2.7142857142857144,-1.196512407780013,220.0,852.0,0.42696751689557444,220
B.Spooner,Bill Spooner,1.1473033171461107,0.6843662665672987,9,9,0.1111111111111111,0.6866775146574984,,,,,,1194.0,3.8847926267281108,3.8847926267281108,0.0,-3.8847926267281108,217.0,843.0,0.45012301498546187,219
M.Kallio,Matt Kallio,2.698702787646969,0.47091500955143717,2,2,0.0,2.713128381441178,,,,,,1627526.0,6.223880597014926,6.223880597014926,0.0,-6.223880597014926,134.0,834.0,0.5117113713638081,134
